source_set,split,scenario,image_path,filename,expected_category,note,actual_action_type,actual_category,actual,passed,elapsed_ms
samples_v2,tune,face_hidden_in_frame,assets/test_images/samples_v2/gaze_away/face_hidden_in_frame_01_174435.jpg,face_hidden_in_frame_01_174435.jpg,视线偏移,,phone_call,打电话,考生疑似打电话,False,244.65
samples_v2,tune,face_hidden_in_frame,assets/test_images/samples_v2/gaze_away/face_hidden_in_frame_02_174439.jpg,face_hidden_in_frame_02_174439.jpg,视线偏移,,gaze_away,视线偏移,考生视线偏移,True,266.84
samples_v2,tune,face_hidden_in_frame,assets/test_images/samples_v2/gaze_away/face_hidden_in_frame_03_174439.jpg,face_hidden_in_frame_03_174439.jpg,视线偏移,,gaze_away,视线偏移,考生视线偏移,True,269.86
samples_v2,tune,face_hidden_in_frame,assets/test_images/samples_v2/gaze_away/face_hidden_in_frame_04_174439.jpg,face_hidden_in_frame_04_174439.jpg,视线偏移,,gaze_away,视线偏移,考生视线偏移,True,279.94
samples_v2,tune,face_hidden_in_frame,assets/test_images/samples_v2/gaze_away/face_hidden_in_frame_05_174441.jpg,face_hidden_in_frame_05_174441.jpg,视线偏移,,gaze_away,视线偏移,考生视线偏移,True,263.91
samples_v2,tune,face_hidden_in_frame,assets/test_images/samples_v2/gaze_away/face_hidden_in_frame_06_174441.jpg,face_hidden_in_frame_06_174441.jpg,视线偏移,,gaze_away,视线偏移,考生视线偏移,True,242.6
samples_v2,tune,face_hidden_in_frame,assets/test_images/samples_v2/gaze_away/face_hidden_in_frame_07_174441.jpg,face_hidden_in_frame_07_174441.jpg,视线偏移,,gaze_away,视线偏移,考生视线偏移,True,251.17
samples_v2,eval,face_hidden_in_frame,assets/test_images/samples_v2/gaze_away/face_hidden_in_frame_08_174442.jpg,face_hidden_in_frame_08_174442.jpg,视线偏移,,normal,正常考试,正常考试中,False,212.66
samples_v2,eval,face_hidden_in_frame,assets/test_images/samples_v2/gaze_away/face_hidden_in_frame_09_174442.jpg,face_hidden_in_frame_09_174442.jpg,视线偏移,,gaze_away,视线偏移,考生视线偏移,True,246.62
samples_v2,eval,face_hidden_in_frame,assets/test_images/samples_v2/gaze_away/face_hidden_in_frame_10_174443.jpg,face_hidden_in_frame_10_174443.jpg,视线偏移,,gaze_away,视线偏移,考生视线偏移,True,280.41
samples_v2,eval,face_hidden_in_frame,assets/test_images/samples_v2/gaze_away/face_hidden_in_frame_11_174443.jpg,face_hidden_in_frame_11_174443.jpg,视线偏移,,gaze_away,视线偏移,考生视线偏移,True,286.22
samples_v2,eval,face_hidden_in_frame,assets/test_images/samples_v2/gaze_away/face_hidden_in_frame_12_174444.jpg,face_hidden_in_frame_12_174444.jpg,视线偏移,,gaze_away,视线偏移,考生视线偏移,True,214.85
samples_v2,eval,face_hidden_in_frame,assets/test_images/samples_v2/gaze_away/face_hidden_in_frame_13_174444.jpg,face_hidden_in_frame_13_174444.jpg,视线偏移,,gaze_away,视线偏移,考生视线偏移,True,211.6
samples_v2,eval,face_hidden_in_frame,assets/test_images/samples_v2/gaze_away/face_hidden_in_frame_14_174445.jpg,face_hidden_in_frame_14_174445.jpg,视线偏移,,gaze_away,视线偏移,考生视线偏移,True,234.02
samples_v2,eval,face_hidden_in_frame,assets/test_images/samples_v2/gaze_away/face_hidden_in_frame_15_174445.jpg,face_hidden_in_frame_15_174445.jpg,视线偏移,,gaze_away,视线偏移,考生视线偏移,True,242.7
samples_v2,tune,head_turn_large,assets/test_images/samples_v2/gaze_away/head_turn_large_01_174448.jpg,head_turn_large_01_174448.jpg,视线偏移,,gaze_away,视线偏移,考生视线偏移,True,292.03
samples_v2,tune,head_turn_large,assets/test_images/samples_v2/gaze_away/head_turn_large_02_174448.jpg,head_turn_large_02_174448.jpg,视线偏移,,gaze_away,视线偏移,考生视线偏移,True,259.86
samples_v2,tune,head_turn_large,assets/test_images/samples_v2/gaze_away/head_turn_large_03_174448.jpg,head_turn_large_03_174448.jpg,视线偏移,,normal,正常考试,正常考试中,False,246.43
samples_v2,tune,head_turn_large,assets/test_images/samples_v2/gaze_away/head_turn_large_04_174448.jpg,head_turn_large_04_174448.jpg,视线偏移,,gaze_away,视线偏移,考生视线偏移,True,227.97
samples_v2,tune,head_turn_large,assets/test_images/samples_v2/gaze_away/head_turn_large_05_174450.jpg,head_turn_large_05_174450.jpg,视线偏移,,gaze_away,视线偏移,考生视线偏移,True,226.95
samples_v2,tune,head_turn_large,assets/test_images/samples_v2/gaze_away/head_turn_large_06_174450.jpg,head_turn_large_06_174450.jpg,视线偏移,,gaze_away,视线偏移,考生视线偏移,True,194.42
samples_v2,tune,head_turn_large,assets/test_images/samples_v2/gaze_away/head_turn_large_07_174450.jpg,head_turn_large_07_174450.jpg,视线偏移,,gaze_away,视线偏移,考生视线偏移,True,209.79
samples_v2,eval,head_turn_large,assets/test_images/samples_v2/gaze_away/head_turn_large_08_174451.jpg,head_turn_large_08_174451.jpg,视线偏移,,normal,正常考试,正常考试中,False,212.51
samples_v2,eval,head_turn_large,assets/test_images/samples_v2/gaze_away/head_turn_large_09_174451.jpg,head_turn_large_09_174451.jpg,视线偏移,,gaze_away,视线偏移,考生视线偏移,True,161.47
samples_v2,eval,head_turn_large,assets/test_images/samples_v2/gaze_away/head_turn_large_10_174452.jpg,head_turn_large_10_174452.jpg,视线偏移,,gaze_away,视线偏移,考生视线偏移,True,167.41
samples_v2,eval,head_turn_large,assets/test_images/samples_v2/gaze_away/head_turn_large_11_174453.jpg,head_turn_large_11_174453.jpg,视线偏移,,gaze_away,视线偏移,考生视线偏移,True,163.57
samples_v2,eval,head_turn_large,assets/test_images/samples_v2/gaze_away/head_turn_large_12_174453.jpg,head_turn_large_12_174453.jpg,视线偏移,,gaze_away,视线偏移,考生视线偏移,True,179.15
samples_v2,eval,head_turn_large,assets/test_images/samples_v2/gaze_away/head_turn_large_13_174454.jpg,head_turn_large_13_174454.jpg,视线偏移,,gaze_away,视线偏移,考生视线偏移,True,169.08
samples_v2,eval,head_turn_large,assets/test_images/samples_v2/gaze_away/head_turn_large_14_174455.jpg,head_turn_large_14_174455.jpg,视线偏移,,normal,正常考试,正常考试中,False,163.71
samples_v2,eval,head_turn_large,assets/test_images/samples_v2/gaze_away/head_turn_large_15_174455.jpg,head_turn_large_15_174455.jpg,视线偏移,,gaze_away,视线偏移,考生视线偏移,True,158.37
samples_v2,tune,person_gone,assets/test_images/samples_v2/leave_seat/person_gone_01_174455.jpg,person_gone_01_174455.jpg,离开座位,,gaze_away,视线偏移,考生视线偏移,False,163.8
samples_v2,tune,person_gone,assets/test_images/samples_v2/leave_seat/person_gone_02_174501.jpg,person_gone_02_174501.jpg,离开座位,,leave_seat,离开座位,考生离开座位,True,95.59
samples_v2,tune,person_gone,assets/test_images/samples_v2/leave_seat/person_gone_03_174501.jpg,person_gone_03_174501.jpg,离开座位,,leave_seat,离开座位,考生离开座位,True,97.21
samples_v2,tune,person_gone,assets/test_images/samples_v2/leave_seat/person_gone_04_174502.jpg,person_gone_04_174502.jpg,离开座位,,leave_seat,离开座位,考生离开座位,True,98.6
samples_v2,tune,person_gone,assets/test_images/samples_v2/leave_seat/person_gone_05_174502.jpg,person_gone_05_174502.jpg,离开座位,,leave_seat,离开座位,考生离开座位,True,98.91
samples_v2,tune,person_gone,assets/test_images/samples_v2/leave_seat/person_gone_06_174502.jpg,person_gone_06_174502.jpg,离开座位,,leave_seat,离开座位,考生离开座位,True,119.27
samples_v2,tune,person_gone,assets/test_images/samples_v2/leave_seat/person_gone_07_174509.jpg,person_gone_07_174509.jpg,离开座位,,leave_seat,离开座位,考生离开座位,True,102.67
samples_v2,eval,person_gone,assets/test_images/samples_v2/leave_seat/person_gone_08_174509.jpg,person_gone_08_174509.jpg,离开座位,,leave_seat,离开座位,考生离开座位,True,102.92
samples_v2,tune,stand_up,assets/test_images/samples_v2/leave_seat/stand_up_01_174537.jpg,stand_up_01_174537.jpg,离开座位,,gaze_away,视线偏移,考生视线偏移,False,216.06
samples_v2,tune,stand_up,assets/test_images/samples_v2/leave_seat/stand_up_02_174540.jpg,stand_up_02_174540.jpg,离开座位,,leave_seat,离开座位,考生离开座位,True,168.15
samples_v2,tune,stand_up,assets/test_images/samples_v2/leave_seat/stand_up_03_174542.jpg,stand_up_03_174542.jpg,离开座位,,leave_seat,离开座位,考生离开座位,True,98.66
samples_v2,tune,stand_up,assets/test_images/samples_v2/leave_seat/stand_up_04_174542.jpg,stand_up_04_174542.jpg,离开座位,,leave_seat,离开座位,考生离开座位,True,96.06
samples_v2,tune,stand_up,assets/test_images/samples_v2/leave_seat/stand_up_05_174543.jpg,stand_up_05_174543.jpg,离开座位,,leave_seat,离开座位,考生离开座位,True,122.62
samples_v2,tune,stand_up,assets/test_images/samples_v2/leave_seat/stand_up_06_174543.jpg,stand_up_06_174543.jpg,离开座位,,leave_seat,离开座位,考生离开座位,True,151.42
samples_v2,tune,stand_up,assets/test_images/samples_v2/leave_seat/stand_up_07_174543.jpg,stand_up_07_174543.jpg,离开座位,,leave_seat,离开座位,考生离开座位,True,126.16
samples_v2,tune,turn_body_left_90,assets/test_images/samples_v2/leave_seat/turn_body_left_90_01_174519.jpg,turn_body_left_90_01_174519.jpg,视线偏移,坐着转身,turn_body,离开座位,离开座位(考生转身),False,168.02
samples_v2,tune,turn_body_left_90,assets/test_images/samples_v2/leave_seat/turn_body_left_90_02_174519.jpg,turn_body_left_90_02_174519.jpg,视线偏移,坐着转身,turn_body,离开座位,离开座位(考生转身),False,183.41
samples_v2,tune,turn_body_left_90,assets/test_images/samples_v2/leave_seat/turn_body_left_90_03_174519.jpg,turn_body_left_90_03_174519.jpg,视线偏移,坐着转身,turn_body,离开座位,离开座位(考生转身),False,183.02
samples_v2,tune,turn_body_left_90,assets/test_images/samples_v2/leave_seat/turn_body_left_90_04_174520.jpg,turn_body_left_90_04_174520.jpg,视线偏移,坐着转身,turn_body,离开座位,离开座位(考生转身),False,168.8
samples_v2,tune,turn_body_right_90,assets/test_images/samples_v2/leave_seat/turn_body_right_90_01_174527.jpg,turn_body_right_90_01_174527.jpg,视线偏移,坐着转身,turn_body,离开座位,离开座位(考生转身),False,201.85
samples_v2,tune,turn_body_right_90,assets/test_images/samples_v2/leave_seat/turn_body_right_90_02_174527.jpg,turn_body_right_90_02_174527.jpg,视线偏移,坐着转身,turn_body,离开座位,离开座位(考生转身),False,189.87
samples_v2,tune,turn_body_right_90,assets/test_images/samples_v2/leave_seat/turn_body_right_90_03_174527.jpg,turn_body_right_90_03_174527.jpg,视线偏移,坐着转身,turn_body,离开座位,离开座位(考生转身),False,176.92
samples_v2,tune,turn_body_right_90,assets/test_images/samples_v2/leave_seat/turn_body_right_90_04_174527.jpg,turn_body_right_90_04_174527.jpg,视线偏移,坐着转身,turn_body,离开座位,离开座位(考生转身),False,180.49
samples_v2,tune,turn_head,assets/test_images/samples_v2/leave_seat/turn_head_01_174533.jpg,turn_head_01_174533.jpg,视线偏移,坐着转头,gaze_away,视线偏移,考生视线偏移,True,170.53
samples_v2,tune,turn_head,assets/test_images/samples_v2/leave_seat/turn_head_02_174533.jpg,turn_head_02_174533.jpg,视线偏移,坐着转头,gaze_away,视线偏移,考生视线偏移,True,167.58
samples_v2,tune,turn_head,assets/test_images/samples_v2/leave_seat/turn_head_03_174534.jpg,turn_head_03_174534.jpg,视线偏移,坐着转头,gaze_away,视线偏移,考生视线偏移,True,163.76
samples_v2,tune,turn_head,assets/test_images/samples_v2/leave_seat/turn_head_04_174534.jpg,turn_head_04_174534.jpg,视线偏移,坐着转头,gaze_away,视线偏移,考生视线偏移,True,162.76
samples_v2,tune,turn_head,assets/test_images/samples_v2/leave_seat/turn_head_05_174536.jpg,turn_head_05_174536.jpg,视线偏移,坐着转头,gaze_away,视线偏移,考生视线偏移,True,178.54
samples_v2,tune,turn_head,assets/test_images/samples_v2/leave_seat/turn_head_06_174536.jpg,turn_head_06_174536.jpg,视线偏移,坐着转头,gaze_away,视线偏移,考生视线偏移,True,181.6
samples_v2,tune,turn_head,assets/test_images/samples_v2/leave_seat/turn_head_07_174537.jpg,turn_head_07_174537.jpg,视线偏移,坐着转头,normal,正常考试,正常考试中,False,136.98
samples_v2,tune,person_entering,assets/test_images/samples_v2/multi_person/person_entering_01_173414.jpg,person_entering_01_173414.jpg,多人,,multi_person,多人,多人出现在考场,True,34.33
samples_v2,tune,person_entering,assets/test_images/samples_v2/multi_person/person_entering_02_173416.jpg,person_entering_02_173416.jpg,多人,,normal,正常考试,正常考试中,False,153.85
samples_v2,tune,person_entering,assets/test_images/samples_v2/multi_person/person_entering_03_173420.jpg,person_entering_03_173420.jpg,多人,,multi_person,多人,多人出现在考场,True,107.6
samples_v2,tune,person_entering,assets/test_images/samples_v2/multi_person/person_entering_04_173421.jpg,person_entering_04_173421.jpg,多人,,normal,正常考试,正常考试中,False,155.42
samples_v2,tune,person_entering,assets/test_images/samples_v2/multi_person/person_entering_05_173421.jpg,person_entering_05_173421.jpg,多人,,normal,正常考试,正常考试中,False,149.19
samples_v2,tune,person_entering,assets/test_images/samples_v2/multi_person/person_entering_06_173422.jpg,person_entering_06_173422.jpg,多人,,multi_person,多人,多人出现在考场,True,33.52
samples_v2,tune,person_entering,assets/test_images/samples_v2/multi_person/person_entering_07_173422.jpg,person_entering_07_173422.jpg,多人,,phone_call,打电话,考生疑似打电话,False,136.4
samples_v2,eval,person_entering,assets/test_images/samples_v2/multi_person/person_entering_08_173423.jpg,person_entering_08_173423.jpg,多人,,normal,正常考试,正常考试中,False,163.04
samples_v2,eval,person_entering,assets/test_images/samples_v2/multi_person/person_entering_09_173427.jpg,person_entering_09_173427.jpg,多人,,normal,正常考试,正常考试中,False,185.26
samples_v2,eval,person_entering,assets/test_images/samples_v2/multi_person/person_entering_10_173427.jpg,person_entering_10_173427.jpg,多人,,multi_person,多人,多人出现在考场,True,43.15
samples_v2,tune,two_persons,assets/test_images/samples_v2/multi_person/two_persons_01_173341.jpg,two_persons_01_173341.jpg,多人,,multi_person,多人,多人出现在考场,True,33.48
samples_v2,tune,two_persons,assets/test_images/samples_v2/multi_person/two_persons_02_173346.jpg,two_persons_02_173346.jpg,多人,,multi_person,多人,多人出现在考场,True,36.78
samples_v2,tune,two_persons,assets/test_images/samples_v2/multi_person/two_persons_03_173352.jpg,two_persons_03_173352.jpg,多人,,multi_person,多人,多人出现在考场,True,41.49
samples_v2,tune,two_persons,assets/test_images/samples_v2/multi_person/two_persons_04_173355.jpg,two_persons_04_173355.jpg,多人,,multi_person,多人,多人出现在考场,True,43.22
samples_v2,tune,two_persons,assets/test_images/samples_v2/multi_person/two_persons_05_173355.jpg,two_persons_05_173355.jpg,多人,,multi_person,多人,多人出现在考场,True,37.85
samples_v2,tune,two_persons,assets/test_images/samples_v2/multi_person/two_persons_06_173356.jpg,two_persons_06_173356.jpg,多人,,multi_person,多人,多人出现在考场,True,44.74
samples_v2,tune,two_persons,assets/test_images/samples_v2/multi_person/two_persons_07_173400.jpg,two_persons_07_173400.jpg,多人,,multi_person,多人,多人出现在考场,True,40.86
samples_v2,eval,two_persons,assets/test_images/samples_v2/multi_person/two_persons_08_173402.jpg,two_persons_08_173402.jpg,多人,,multi_person,多人,多人出现在考场,True,42.68
samples_v2,eval,two_persons,assets/test_images/samples_v2/multi_person/two_persons_09_173402.jpg,two_persons_09_173402.jpg,多人,,multi_person,多人,多人出现在考场,True,44.23
samples_v2,eval,two_persons,assets/test_images/samples_v2/multi_person/two_persons_10_173403.jpg,two_persons_10_173403.jpg,多人,,multi_person,多人,多人出现在考场,True,53.27
samples_v2,tune,two_persons_talking,assets/test_images/samples_v2/multi_person/two_persons_talking_01_173434.jpg,two_persons_talking_01_173434.jpg,多人,,multi_person,多人,多人出现在考场,True,64.27
samples_v2,tune,two_persons_talking,assets/test_images/samples_v2/multi_person/two_persons_talking_02_173436.jpg,two_persons_talking_02_173436.jpg,多人,,multi_person,多人,多人出现在考场,True,58.11
samples_v2,tune,two_persons_talking,assets/test_images/samples_v2/multi_person/two_persons_talking_03_173446.jpg,two_persons_talking_03_173446.jpg,多人,,multi_person,多人,多人出现在考场,True,58.34
samples_v2,tune,two_persons_talking,assets/test_images/samples_v2/multi_person/two_persons_talking_04_173447.jpg,two_persons_talking_04_173447.jpg,多人,,multi_person,多人,多人出现在考场,True,58.15
samples_v2,tune,two_persons_talking,assets/test_images/samples_v2/multi_person/two_persons_talking_05_173449.jpg,two_persons_talking_05_173449.jpg,多人,,multi_person,多人,多人出现在考场,True,48.19
samples_v2,tune,two_persons_talking,assets/test_images/samples_v2/multi_person/two_persons_talking_06_173450.jpg,two_persons_talking_06_173450.jpg,多人,,multi_person,多人,多人出现在考场,True,69.82
samples_v2,tune,two_persons_talking,assets/test_images/samples_v2/multi_person/two_persons_talking_07_173451.jpg,two_persons_talking_07_173451.jpg,多人,,multi_person,多人,多人出现在考场,True,76.7
samples_v2,eval,two_persons_talking,assets/test_images/samples_v2/multi_person/two_persons_talking_08_173453.jpg,two_persons_talking_08_173453.jpg,多人,,multi_person,多人,多人出现在考场,True,44.93
samples_v2,eval,two_persons_talking,assets/test_images/samples_v2/multi_person/two_persons_talking_09_173453.jpg,two_persons_talking_09_173453.jpg,多人,,multi_person,多人,多人出现在考场,True,52.23
samples_v2,eval,two_persons_talking,assets/test_images/samples_v2/multi_person/two_persons_talking_10_173454.jpg,two_persons_talking_10_173454.jpg,多人,,multi_person,多人,多人出现在考场,True,51.44
samples_v2,tune,normal_front,assets/test_images/samples_v2/normal/normal_front_01_174349.jpg,normal_front_01_174349.jpg,正常考试,,normal,正常考试,正常考试中,True,236.4
samples_v2,tune,normal_front,assets/test_images/samples_v2/normal/normal_front_02_174351.jpg,normal_front_02_174351.jpg,正常考试,,normal,正常考试,正常考试中,True,229.3
samples_v2,tune,normal_front,assets/test_images/samples_v2/normal/normal_front_03_174402.jpg,normal_front_03_174402.jpg,正常考试,,normal,正常考试,正常考试中,True,233.02
samples_v2,tune,normal_front,assets/test_images/samples_v2/normal/normal_front_04_174402.jpg,normal_front_04_174402.jpg,正常考试,,normal,正常考试,正常考试中,True,210.85
samples_v2,tune,normal_front,assets/test_images/samples_v2/normal/normal_front_05_174403.jpg,normal_front_05_174403.jpg,正常考试,,normal,正常考试,正常考试中,True,216.63
samples_v2,tune,normal_front,assets/test_images/samples_v2/normal/normal_front_06_174404.jpg,normal_front_06_174404.jpg,正常考试,,normal,正常考试,正常考试中,True,201.01
samples_v2,tune,normal_front,assets/test_images/samples_v2/normal/normal_front_07_174407.jpg,normal_front_07_174407.jpg,正常考试,,normal,正常考试,正常考试中,True,213.36
samples_v2,eval,normal_front,assets/test_images/samples_v2/normal/normal_front_08_174407.jpg,normal_front_08_174407.jpg,正常考试,,normal,正常考试,正常考试中,True,216.42
samples_v2,eval,normal_front,assets/test_images/samples_v2/normal/normal_front_09_174408.jpg,normal_front_09_174408.jpg,正常考试,,normal,正常考试,正常考试中,True,212.89
samples_v2,eval,normal_front,assets/test_images/samples_v2/normal/normal_front_10_174408.jpg,normal_front_10_174408.jpg,正常考试,,normal,正常考试,正常考试中,True,226.38
samples_v2,tune,normal_side,assets/test_images/samples_v2/normal/normal_side_01_174409.jpg,normal_side_01_174409.jpg,正常考试,,normal,正常考试,正常考试中,True,245.43
samples_v2,tune,normal_side,assets/test_images/samples_v2/normal/normal_side_02_174409.jpg,normal_side_02_174409.jpg,正常考试,,normal,正常考试,正常考试中,True,249.51
samples_v2,tune,normal_side,assets/test_images/samples_v2/normal/normal_side_03_174417.jpg,normal_side_03_174417.jpg,正常考试,,normal,正常考试,正常考试中,True,240.64
samples_v2,tune,normal_side,assets/test_images/samples_v2/normal/normal_side_04_174417.jpg,normal_side_04_174417.jpg,正常考试,,normal,正常考试,正常考试中,True,271.64
samples_v2,tune,normal_side,assets/test_images/samples_v2/normal/normal_side_05_174418.jpg,normal_side_05_174418.jpg,正常考试,,normal,正常考试,正常考试中,True,244.53
samples_v2,tune,normal_side,assets/test_images/samples_v2/normal/normal_side_06_174418.jpg,normal_side_06_174418.jpg,正常考试,,normal,正常考试,正常考试中,True,265.97
samples_v2,tune,normal_side,assets/test_images/samples_v2/normal/normal_side_07_174418.jpg,normal_side_07_174418.jpg,正常考试,,normal,正常考试,正常考试中,True,219.03
samples_v2,eval,normal_side,assets/test_images/samples_v2/normal/normal_side_08_174419.jpg,normal_side_08_174419.jpg,正常考试,,normal,正常考试,正常考试中,True,217.44
samples_v2,eval,normal_side,assets/test_images/samples_v2/normal/normal_side_09_174420.jpg,normal_side_09_174420.jpg,正常考试,,normal,正常考试,正常考试中,True,184.09
samples_v2,eval,normal_side,assets/test_images/samples_v2/normal/normal_side_10_174420.jpg,normal_side_10_174420.jpg,正常考试,,normal,正常考试,正常考试中,True,181.08
samples_v2,tune,normal_writing,assets/test_images/samples_v2/normal/normal_writing_01_174421.jpg,normal_writing_01_174421.jpg,视线偏移,低头写字,normal,正常考试,正常考试中,False,157.26
samples_v2,tune,normal_writing,assets/test_images/samples_v2/normal/normal_writing_02_174424.jpg,normal_writing_02_174424.jpg,视线偏移,低头写字,turn_head,视线偏移,视线偏移(考生转头),True,167.4
samples_v2,tune,normal_writing,assets/test_images/samples_v2/normal/normal_writing_03_174424.jpg,normal_writing_03_174424.jpg,视线偏移,低头写字,turn_head,视线偏移,视线偏移(考生转头),True,190.23
samples_v2,tune,normal_writing,assets/test_images/samples_v2/normal/normal_writing_04_174427.jpg,normal_writing_04_174427.jpg,视线偏移,低头写字,turn_head,视线偏移,视线偏移(考生转头),True,164.01
samples_v2,tune,normal_writing,assets/test_images/samples_v2/normal/normal_writing_05_174427.jpg,normal_writing_05_174427.jpg,视线偏移,低头写字,turn_head,视线偏移,视线偏移(考生转头),True,159.31
samples_v2,tune,normal_writing,assets/test_images/samples_v2/normal/normal_writing_06_174427.jpg,normal_writing_06_174427.jpg,视线偏移,低头写字,turn_head,视线偏移,视线偏移(考生转头),True,143.73
samples_v2,tune,normal_writing,assets/test_images/samples_v2/normal/normal_writing_07_174431.jpg,normal_writing_07_174431.jpg,视线偏移,低头写字,normal,正常考试,正常考试中,False,140.34
samples_v2,eval,normal_writing,assets/test_images/samples_v2/normal/normal_writing_08_174433.jpg,normal_writing_08_174433.jpg,视线偏移,低头写字,normal,正常考试,正常考试中,False,159.18
samples_v2,eval,normal_writing,assets/test_images/samples_v2/normal/normal_writing_09_174433.jpg,normal_writing_09_174433.jpg,视线偏移,低头写字,normal,正常考试,正常考试中,False,180.31
samples_v2,eval,normal_writing,assets/test_images/samples_v2/normal/normal_writing_10_174435.jpg,normal_writing_10_174435.jpg,视线偏移,低头写字,normal,正常考试,正常考试中,False,177.31
samples_v2,tune,phone_left,assets/test_images/samples_v2/phone_call/phone_left_01_174548.jpg,phone_left_01_174548.jpg,打电话,,phone_call,打电话,考生疑似打电话,True,183.31
samples_v2,tune,phone_left,assets/test_images/samples_v2/phone_call/phone_left_02_174549.jpg,phone_left_02_174549.jpg,打电话,,phone_call,打电话,考生疑似打电话,True,172.93
samples_v2,tune,phone_left,assets/test_images/samples_v2/phone_call/phone_left_03_174549.jpg,phone_left_03_174549.jpg,打电话,,phone_call,打电话,考生疑似打电话,True,177.55
samples_v2,tune,phone_left,assets/test_images/samples_v2/phone_call/phone_left_04_174549.jpg,phone_left_04_174549.jpg,打电话,,phone_call,打电话,考生疑似打电话,True,169.37
samples_v2,tune,phone_left,assets/test_images/samples_v2/phone_call/phone_left_05_174550.jpg,phone_left_05_174550.jpg,打电话,,normal,正常考试,正常考试中,False,177.2
samples_v2,tune,phone_left,assets/test_images/samples_v2/phone_call/phone_left_06_174550.jpg,phone_left_06_174550.jpg,打电话,,phone_call,打电话,考生疑似打电话,True,181.21
samples_v2,tune,phone_left,assets/test_images/samples_v2/phone_call/phone_left_07_174551.jpg,phone_left_07_174551.jpg,打电话,,normal,正常考试,正常考试中,False,169.75
samples_v2,eval,phone_left,assets/test_images/samples_v2/phone_call/phone_left_08_174551.jpg,phone_left_08_174551.jpg,打电话,,phone_call,打电话,考生疑似打电话,True,174.76
samples_v2,eval,phone_left,assets/test_images/samples_v2/phone_call/phone_left_09_174552.jpg,phone_left_09_174552.jpg,打电话,,phone_call,打电话,考生疑似打电话,True,168.68
samples_v2,eval,phone_left,assets/test_images/samples_v2/phone_call/phone_left_10_174553.jpg,phone_left_10_174553.jpg,打电话,,phone_call,打电话,考生疑似打电话,True,169.31
samples_v2,tune,phone_look_down,assets/test_images/samples_v2/phone_call/phone_look_down_01_174609.jpg,phone_look_down_01_174609.jpg,视线偏移,低头看手机,turn_head,视线偏移,视线偏移(考生转头),True,193.55
samples_v2,tune,phone_look_down,assets/test_images/samples_v2/phone_call/phone_look_down_02_174609.jpg,phone_look_down_02_174609.jpg,视线偏移,低头看手机,turn_head,视线偏移,视线偏移(考生转头),True,172.05
samples_v2,tune,phone_look_down,assets/test_images/samples_v2/phone_call/phone_look_down_03_174610.jpg,phone_look_down_03_174610.jpg,视线偏移,低头看手机,normal,正常考试,正常考试中,False,187.95
samples_v2,tune,phone_look_down,assets/test_images/samples_v2/phone_call/phone_look_down_04_174611.jpg,phone_look_down_04_174611.jpg,视线偏移,低头看手机,turn_head,视线偏移,视线偏移(考生转头),True,184.66
samples_v2,tune,phone_look_down,assets/test_images/samples_v2/phone_call/phone_look_down_05_174611.jpg,phone_look_down_05_174611.jpg,视线偏移,低头看手机,turn_head,视线偏移,视线偏移(考生转头),True,182.81
samples_v2,tune,phone_look_down,assets/test_images/samples_v2/phone_call/phone_look_down_06_174612.jpg,phone_look_down_06_174612.jpg,视线偏移,低头看手机,normal,正常考试,正常考试中,False,177.79
samples_v2,tune,phone_look_down,assets/test_images/samples_v2/phone_call/phone_look_down_07_174612.jpg,phone_look_down_07_174612.jpg,视线偏移,低头看手机,turn_head,视线偏移,视线偏移(考生转头),True,179.37
samples_v2,eval,phone_look_down,assets/test_images/samples_v2/phone_call/phone_look_down_08_174614.jpg,phone_look_down_08_174614.jpg,视线偏移,低头看手机,turn_head,视线偏移,视线偏移(考生转头),True,162.21
samples_v2,eval,phone_look_down,assets/test_images/samples_v2/phone_call/phone_look_down_09_174616.jpg,phone_look_down_09_174616.jpg,视线偏移,低头看手机,turn_head,视线偏移,视线偏移(考生转头),True,166.47
samples_v2,eval,phone_look_down,assets/test_images/samples_v2/phone_call/phone_look_down_10_174616.jpg,phone_look_down_10_174616.jpg,视线偏移,低头看手机,normal,正常考试,正常考试中,False,159.79
samples_v2,tune,phone_right,assets/test_images/samples_v2/phone_call/phone_right_01_174555.jpg,phone_right_01_174555.jpg,打电话,,phone_call,打电话,考生疑似打电话,True,150.13
samples_v2,tune,phone_right,assets/test_images/samples_v2/phone_call/phone_right_02_174555.jpg,phone_right_02_174555.jpg,打电话,,phone_call,打电话,考生疑似打电话,True,149.37
samples_v2,tune,phone_right,assets/test_images/samples_v2/phone_call/phone_right_03_174555.jpg,phone_right_03_174555.jpg,打电话,,phone_call,打电话,考生疑似打电话,True,146.15
samples_v2,tune,phone_right,assets/test_images/samples_v2/phone_call/phone_right_04_174555.jpg,phone_right_04_174555.jpg,打电话,,phone_call,打电话,考生疑似打电话,True,146.05
samples_v2,tune,phone_right,assets/test_images/samples_v2/phone_call/phone_right_05_174556.jpg,phone_right_05_174556.jpg,打电话,,phone_call,打电话,考生疑似打电话,True,156.24
samples_v2,tune,phone_right,assets/test_images/samples_v2/phone_call/phone_right_06_174556.jpg,phone_right_06_174556.jpg,打电话,,phone_call,打电话,考生疑似打电话,True,157.18
samples_v2,tune,phone_right,assets/test_images/samples_v2/phone_call/phone_right_07_174556.jpg,phone_right_07_174556.jpg,打电话,,phone_call,打电话,考生疑似打电话,True,159.41
samples_v2,eval,phone_right,assets/test_images/samples_v2/phone_call/phone_right_08_174556.jpg,phone_right_08_174556.jpg,打电话,,phone_call,打电话,考生疑似打电话,True,169.11
samples_v2,eval,phone_right,assets/test_images/samples_v2/phone_call/phone_right_09_174557.jpg,phone_right_09_174557.jpg,打电话,,phone_call,打电话,考生疑似打电话,True,180.82
samples_v2,eval,phone_right,assets/test_images/samples_v2/phone_call/phone_right_10_174557.jpg,phone_right_10_174557.jpg,打电话,,phone_call,打电话,考生疑似打电话,True,189.27
samples_v2,tune,stretch_both,assets/test_images/samples_v2/stretch_arm/stretch_both_01_174702.jpg,stretch_both_01_174702.jpg,伸胳膊,,stretch_arm,伸胳膊,考生伸展胳膊,True,183.35
samples_v2,tune,stretch_both,assets/test_images/samples_v2/stretch_arm/stretch_both_02_174702.jpg,stretch_both_02_174702.jpg,伸胳膊,,stretch_arm,伸胳膊,考生伸展胳膊,True,183.08
samples_v2,tune,stretch_both,assets/test_images/samples_v2/stretch_arm/stretch_both_03_174703.jpg,stretch_both_03_174703.jpg,伸胳膊,,stretch_arm,伸胳膊,考生伸展胳膊,True,168.28
samples_v2,tune,stretch_both,assets/test_images/samples_v2/stretch_arm/stretch_both_04_174703.jpg,stretch_both_04_174703.jpg,伸胳膊,,stretch_arm,伸胳膊,考生伸展胳膊,True,182.35
samples_v2,tune,stretch_both,assets/test_images/samples_v2/stretch_arm/stretch_both_05_174703.jpg,stretch_both_05_174703.jpg,伸胳膊,,stretch_arm,伸胳膊,考生伸展胳膊,True,176.36
samples_v2,tune,stretch_both,assets/test_images/samples_v2/stretch_arm/stretch_both_06_174704.jpg,stretch_both_06_174704.jpg,伸胳膊,,stretch_arm,伸胳膊,考生伸展胳膊,True,172.56
samples_v2,tune,stretch_both,assets/test_images/samples_v2/stretch_arm/stretch_both_07_174704.jpg,stretch_both_07_174704.jpg,伸胳膊,,stretch_arm,伸胳膊,考生伸展胳膊,True,170.79
samples_v2,eval,stretch_both,assets/test_images/samples_v2/stretch_arm/stretch_both_08_174704.jpg,stretch_both_08_174704.jpg,伸胳膊,,stretch_arm,伸胳膊,考生伸展胳膊,True,165.97
samples_v2,eval,stretch_both,assets/test_images/samples_v2/stretch_arm/stretch_both_09_174705.jpg,stretch_both_09_174705.jpg,伸胳膊,,stretch_arm,伸胳膊,考生伸展胳膊,True,165.44
samples_v2,eval,stretch_both,assets/test_images/samples_v2/stretch_arm/stretch_both_10_174705.jpg,stretch_both_10_174705.jpg,伸胳膊,,stretch_arm,伸胳膊,考生伸展胳膊,True,177.76
samples_v2,tune,stretch_left,assets/test_images/samples_v2/stretch_arm/stretch_left_01_174626.jpg,stretch_left_01_174626.jpg,伸胳膊,,stretch_arm,伸胳膊,考生伸展胳膊,True,163.15
samples_v2,tune,stretch_left,assets/test_images/samples_v2/stretch_arm/stretch_left_02_174626.jpg,stretch_left_02_174626.jpg,伸胳膊,,normal,正常考试,正常考试中,False,164.3
samples_v2,tune,stretch_left,assets/test_images/samples_v2/stretch_arm/stretch_left_03_174626.jpg,stretch_left_03_174626.jpg,伸胳膊,,stretch_arm,伸胳膊,考生伸展胳膊,True,172.82
samples_v2,tune,stretch_left,assets/test_images/samples_v2/stretch_arm/stretch_left_04_174627.jpg,stretch_left_04_174627.jpg,伸胳膊,,stretch_arm,伸胳膊,考生伸展胳膊,True,166.73
samples_v2,tune,stretch_left,assets/test_images/samples_v2/stretch_arm/stretch_left_05_174627.jpg,stretch_left_05_174627.jpg,伸胳膊,,normal,正常考试,正常考试中,False,172.16
samples_v2,tune,stretch_left,assets/test_images/samples_v2/stretch_arm/stretch_left_06_174627.jpg,stretch_left_06_174627.jpg,伸胳膊,,normal,正常考试,正常考试中,False,192.71
samples_v2,tune,stretch_left,assets/test_images/samples_v2/stretch_arm/stretch_left_07_174627.jpg,stretch_left_07_174627.jpg,伸胳膊,,normal,正常考试,正常考试中,False,179.16
samples_v2,eval,stretch_left,assets/test_images/samples_v2/stretch_arm/stretch_left_08_174628.jpg,stretch_left_08_174628.jpg,伸胳膊,,stretch_arm,伸胳膊,考生伸展胳膊,True,177.26
samples_v2,eval,stretch_left,assets/test_images/samples_v2/stretch_arm/stretch_left_09_174628.jpg,stretch_left_09_174628.jpg,伸胳膊,,normal,正常考试,正常考试中,False,169.37
samples_v2,eval,stretch_left,assets/test_images/samples_v2/stretch_arm/stretch_left_10_174629.jpg,stretch_left_10_174629.jpg,伸胳膊,,normal,正常考试,正常考试中,False,166.0
samples_v2,tune,stretch_right,assets/test_images/samples_v2/stretch_arm/stretch_right_01_174631.jpg,stretch_right_01_174631.jpg,伸胳膊,,stretch_arm,伸胳膊,考生伸展胳膊,True,178.72
samples_v2,tune,stretch_right,assets/test_images/samples_v2/stretch_arm/stretch_right_02_174631.jpg,stretch_right_02_174631.jpg,伸胳膊,,stretch_arm,伸胳膊,考生伸展胳膊,True,178.12
samples_v2,tune,stretch_right,assets/test_images/samples_v2/stretch_arm/stretch_right_03_174631.jpg,stretch_right_03_174631.jpg,伸胳膊,,stretch_arm,伸胳膊,考生伸展胳膊,True,168.23
samples_v2,tune,stretch_right,assets/test_images/samples_v2/stretch_arm/stretch_right_04_174632.jpg,stretch_right_04_174632.jpg,伸胳膊,,normal,正常考试,正常考试中,False,179.19
samples_v2,tune,stretch_right,assets/test_images/samples_v2/stretch_arm/stretch_right_05_174632.jpg,stretch_right_05_174632.jpg,伸胳膊,,normal,正常考试,正常考试中,False,167.73
samples_v2,tune,stretch_right,assets/test_images/samples_v2/stretch_arm/stretch_right_06_174632.jpg,stretch_right_06_174632.jpg,伸胳膊,,normal,正常考试,正常考试中,False,170.07
samples_v2,tune,stretch_right,assets/test_images/samples_v2/stretch_arm/stretch_right_07_174633.jpg,stretch_right_07_174633.jpg,伸胳膊,,stretch_arm,伸胳膊,考生伸展胳膊,True,176.3
samples_v2,eval,stretch_right,assets/test_images/samples_v2/stretch_arm/stretch_right_08_174634.jpg,stretch_right_08_174634.jpg,伸胳膊,,stretch_arm,伸胳膊,考生伸展胳膊,True,184.04
samples_v2,eval,stretch_right,assets/test_images/samples_v2/stretch_arm/stretch_right_09_174634.jpg,stretch_right_09_174634.jpg,伸胳膊,,stretch_arm,伸胳膊,考生伸展胳膊,True,192.15
samples_v2,eval,stretch_right,assets/test_images/samples_v2/stretch_arm/stretch_right_10_174635.jpg,stretch_right_10_174635.jpg,伸胳膊,,stretch_arm,伸胳膊,考生伸展胳膊,True,182.8
targeted_samples,tune,person_enter_left_edge,assets/test_images/targeted_samples/multi_person/person_enter_left_edge_001_20260717_151122.jpg,person_enter_left_edge_001_20260717_151122.jpg,多人,,multi_person,多人,多人出现在考场,True,32.63
targeted_samples,tune,person_enter_left_edge,assets/test_images/targeted_samples/multi_person/person_enter_left_edge_002_20260717_151130.jpg,person_enter_left_edge_002_20260717_151130.jpg,多人,,multi_person,多人,多人出现在考场,True,39.69
targeted_samples,tune,person_enter_left_edge,assets/test_images/targeted_samples/multi_person/person_enter_left_edge_003_20260717_151136.jpg,person_enter_left_edge_003_20260717_151136.jpg,多人,,multi_person,多人,多人出现在考场,True,124.18
targeted_samples,tune,person_enter_left_edge,assets/test_images/targeted_samples/multi_person/person_enter_left_edge_004_20260717_151139.jpg,person_enter_left_edge_004_20260717_151139.jpg,多人,,multi_person,多人,多人出现在考场,True,124.56
targeted_samples,tune,person_enter_left_edge,assets/test_images/targeted_samples/multi_person/person_enter_left_edge_005_20260717_151142.jpg,person_enter_left_edge_005_20260717_151142.jpg,多人,,multi_person,多人,多人出现在考场,True,143.55
targeted_samples,tune,person_enter_left_edge,assets/test_images/targeted_samples/multi_person/person_enter_left_edge_006_20260717_151149.jpg,person_enter_left_edge_006_20260717_151149.jpg,多人,,multi_person,多人,多人出现在考场,True,41.0
targeted_samples,tune,person_enter_left_edge,assets/test_images/targeted_samples/multi_person/person_enter_left_edge_007_20260717_151152.jpg,person_enter_left_edge_007_20260717_151152.jpg,多人,,multi_person,多人,多人出现在考场,True,32.01
targeted_samples,eval,person_enter_left_edge,assets/test_images/targeted_samples/multi_person/person_enter_left_edge_008_20260717_151154.jpg,person_enter_left_edge_008_20260717_151154.jpg,多人,,multi_person,多人,多人出现在考场,True,40.2
targeted_samples,eval,person_enter_left_edge,assets/test_images/targeted_samples/multi_person/person_enter_left_edge_009_20260717_151157.jpg,person_enter_left_edge_009_20260717_151157.jpg,多人,,multi_person,多人,多人出现在考场,True,38.59
targeted_samples,eval,person_enter_left_edge,assets/test_images/targeted_samples/multi_person/person_enter_left_edge_010_20260717_151200.jpg,person_enter_left_edge_010_20260717_151200.jpg,多人,,multi_person,多人,多人出现在考场,True,39.0
targeted_samples,tune,person_enter_right_edge,assets/test_images/targeted_samples/multi_person/person_enter_right_edge_001_20260717_151209.jpg,person_enter_right_edge_001_20260717_151209.jpg,多人,,multi_person,多人,多人出现在考场,True,30.32
targeted_samples,tune,person_enter_right_edge,assets/test_images/targeted_samples/multi_person/person_enter_right_edge_002_20260717_151211.jpg,person_enter_right_edge_002_20260717_151211.jpg,多人,,multi_person,多人,多人出现在考场,True,118.92
targeted_samples,tune,person_enter_right_edge,assets/test_images/targeted_samples/multi_person/person_enter_right_edge_003_20260717_151214.jpg,person_enter_right_edge_003_20260717_151214.jpg,多人,,normal,正常考试,正常考试中,False,161.96
targeted_samples,tune,person_enter_right_edge,assets/test_images/targeted_samples/multi_person/person_enter_right_edge_004_20260717_151216.jpg,person_enter_right_edge_004_20260717_151216.jpg,多人,,normal,正常考试,正常考试中,False,146.16
targeted_samples,tune,person_enter_right_edge,assets/test_images/targeted_samples/multi_person/person_enter_right_edge_005_20260717_151219.jpg,person_enter_right_edge_005_20260717_151219.jpg,多人,,normal,正常考试,正常考试中,False,139.9
targeted_samples,tune,person_enter_right_edge,assets/test_images/targeted_samples/multi_person/person_enter_right_edge_006_20260717_151222.jpg,person_enter_right_edge_006_20260717_151222.jpg,多人,,normal,正常考试,正常考试中,False,156.02
targeted_samples,tune,person_enter_right_edge,assets/test_images/targeted_samples/multi_person/person_enter_right_edge_007_20260717_151224.jpg,person_enter_right_edge_007_20260717_151224.jpg,多人,,normal,正常考试,正常考试中,False,160.52
targeted_samples,eval,person_enter_right_edge,assets/test_images/targeted_samples/multi_person/person_enter_right_edge_008_20260717_151227.jpg,person_enter_right_edge_008_20260717_151227.jpg,多人,,normal,正常考试,正常考试中,False,156.72
targeted_samples,eval,person_enter_right_edge,assets/test_images/targeted_samples/multi_person/person_enter_right_edge_009_20260717_151232.jpg,person_enter_right_edge_009_20260717_151232.jpg,多人,,multi_person,多人,多人出现在考场,True,28.19
targeted_samples,eval,person_enter_right_edge,assets/test_images/targeted_samples/multi_person/person_enter_right_edge_010_20260717_151236.jpg,person_enter_right_edge_010_20260717_151236.jpg,多人,,multi_person,多人,多人出现在考场,True,35.94
targeted_samples,tune,person_pass_behind,assets/test_images/targeted_samples/multi_person/person_pass_behind_001_20260717_151357.jpg,person_pass_behind_001_20260717_151357.jpg,多人,,normal,正常考试,正常考试中,False,149.58
targeted_samples,tune,person_pass_behind,assets/test_images/targeted_samples/multi_person/person_pass_behind_002_20260717_151400.jpg,person_pass_behind_002_20260717_151400.jpg,多人,,multi_person,多人,多人出现在考场,True,36.67
targeted_samples,tune,person_pass_behind,assets/test_images/targeted_samples/multi_person/person_pass_behind_003_20260717_151404.jpg,person_pass_behind_003_20260717_151404.jpg,多人,,normal,正常考试,正常考试中,False,161.68
targeted_samples,tune,person_pass_behind,assets/test_images/targeted_samples/multi_person/person_pass_behind_004_20260717_151407.jpg,person_pass_behind_004_20260717_151407.jpg,多人,,normal,正常考试,正常考试中,False,179.38
targeted_samples,tune,person_pass_behind,assets/test_images/targeted_samples/multi_person/person_pass_behind_005_20260717_151411.jpg,person_pass_behind_005_20260717_151411.jpg,多人,,normal,正常考试,正常考试中,False,186.73
targeted_samples,tune,person_pass_behind,assets/test_images/targeted_samples/multi_person/person_pass_behind_006_20260717_151413.jpg,person_pass_behind_006_20260717_151413.jpg,多人,,normal,正常考试,正常考试中,False,195.65
targeted_samples,tune,person_pass_behind,assets/test_images/targeted_samples/multi_person/person_pass_behind_007_20260717_151418.jpg,person_pass_behind_007_20260717_151418.jpg,多人,,normal,正常考试,正常考试中,False,177.53
targeted_samples,eval,person_pass_behind,assets/test_images/targeted_samples/multi_person/person_pass_behind_008_20260717_151421.jpg,person_pass_behind_008_20260717_151421.jpg,多人,,normal,正常考试,正常考试中,False,183.78
targeted_samples,eval,person_pass_behind,assets/test_images/targeted_samples/multi_person/person_pass_behind_009_20260717_151424.jpg,person_pass_behind_009_20260717_151424.jpg,多人,,multi_person,多人,多人出现在考场,True,124.68
targeted_samples,eval,person_pass_behind,assets/test_images/targeted_samples/multi_person/person_pass_behind_010_20260717_151427.jpg,person_pass_behind_010_20260717_151427.jpg,多人,,multi_person,多人,多人出现在考场,True,121.46
targeted_samples,tune,two_persons_full,assets/test_images/targeted_samples/multi_person/two_persons_full_001_20260717_151257.jpg,two_persons_full_001_20260717_151257.jpg,多人,,multi_person,多人,多人出现在考场,True,33.03
targeted_samples,tune,two_persons_full,assets/test_images/targeted_samples/multi_person/two_persons_full_002_20260717_151259.jpg,two_persons_full_002_20260717_151259.jpg,多人,,multi_person,多人,多人出现在考场,True,33.12
targeted_samples,tune,two_persons_full,assets/test_images/targeted_samples/multi_person/two_persons_full_003_20260717_151302.jpg,two_persons_full_003_20260717_151302.jpg,多人,,multi_person,多人,多人出现在考场,True,34.02
targeted_samples,tune,two_persons_full,assets/test_images/targeted_samples/multi_person/two_persons_full_004_20260717_151304.jpg,two_persons_full_004_20260717_151304.jpg,多人,,multi_person,多人,多人出现在考场,True,34.62
targeted_samples,tune,two_persons_full,assets/test_images/targeted_samples/multi_person/two_persons_full_005_20260717_151315.jpg,two_persons_full_005_20260717_151315.jpg,多人,,multi_person,多人,多人出现在考场,True,31.51
targeted_samples,tune,two_persons_full,assets/test_images/targeted_samples/multi_person/two_persons_full_006_20260717_151318.jpg,two_persons_full_006_20260717_151318.jpg,多人,,multi_person,多人,多人出现在考场,True,31.05
targeted_samples,tune,two_persons_full,assets/test_images/targeted_samples/multi_person/two_persons_full_007_20260717_151320.jpg,two_persons_full_007_20260717_151320.jpg,多人,,multi_person,多人,多人出现在考场,True,32.38
targeted_samples,eval,two_persons_full,assets/test_images/targeted_samples/multi_person/two_persons_full_008_20260717_151323.jpg,two_persons_full_008_20260717_151323.jpg,多人,,multi_person,多人,多人出现在考场,True,32.84
targeted_samples,eval,two_persons_full,assets/test_images/targeted_samples/multi_person/two_persons_full_009_20260717_151326.jpg,two_persons_full_009_20260717_151326.jpg,多人,,multi_person,多人,多人出现在考场,True,30.84
targeted_samples,eval,two_persons_full,assets/test_images/targeted_samples/multi_person/two_persons_full_010_20260717_151329.jpg,two_persons_full_010_20260717_151329.jpg,多人,,multi_person,多人,多人出现在考场,True,30.5
targeted_samples,tune,normal_front_guard,assets/test_images/targeted_samples/normal/normal_front_guard_001_20260708_154417.jpg,normal_front_guard_001_20260708_154417.jpg,正常考试,,normal,正常考试,正常考试中,True,170.75
targeted_samples,tune,normal_front_guard,assets/test_images/targeted_samples/normal/normal_front_guard_001_20260708_154502.jpg,normal_front_guard_001_20260708_154502.jpg,正常考试,,normal,正常考试,正常考试中,True,172.6
targeted_samples,tune,normal_front_guard,assets/test_images/targeted_samples/normal/normal_front_guard_002_20260708_154420.jpg,normal_front_guard_002_20260708_154420.jpg,正常考试,,normal,正常考试,正常考试中,True,171.65
targeted_samples,tune,normal_front_guard,assets/test_images/targeted_samples/normal/normal_front_guard_002_20260708_154505.jpg,normal_front_guard_002_20260708_154505.jpg,正常考试,,normal,正常考试,正常考试中,True,168.31
targeted_samples,tune,normal_front_guard,assets/test_images/targeted_samples/normal/normal_front_guard_003_20260708_154422.jpg,normal_front_guard_003_20260708_154422.jpg,正常考试,,normal,正常考试,正常考试中,True,170.33
targeted_samples,tune,normal_front_guard,assets/test_images/targeted_samples/normal/normal_front_guard_003_20260708_154511.jpg,normal_front_guard_003_20260708_154511.jpg,正常考试,,normal,正常考试,正常考试中,True,172.76
targeted_samples,tune,normal_front_guard,assets/test_images/targeted_samples/normal/normal_front_guard_004_20260708_154425.jpg,normal_front_guard_004_20260708_154425.jpg,正常考试,,normal,正常考试,正常考试中,True,185.97
targeted_samples,tune,normal_front_guard,assets/test_images/targeted_samples/normal/normal_front_guard_004_20260708_154515.jpg,normal_front_guard_004_20260708_154515.jpg,正常考试,,normal,正常考试,正常考试中,True,181.07
targeted_samples,tune,normal_front_guard,assets/test_images/targeted_samples/normal/normal_front_guard_005_20260708_154428.jpg,normal_front_guard_005_20260708_154428.jpg,正常考试,,normal,正常考试,正常考试中,True,178.58
targeted_samples,tune,normal_front_guard,assets/test_images/targeted_samples/normal/normal_front_guard_005_20260708_154518.jpg,normal_front_guard_005_20260708_154518.jpg,正常考试,,normal,正常考试,正常考试中,True,170.02
targeted_samples,tune,normal_front_guard,assets/test_images/targeted_samples/normal/normal_front_guard_006_20260708_154521.jpg,normal_front_guard_006_20260708_154521.jpg,正常考试,,normal,正常考试,正常考试中,True,178.3
targeted_samples,eval,normal_front_guard,assets/test_images/targeted_samples/normal/normal_front_guard_007_20260708_154525.jpg,normal_front_guard_007_20260708_154525.jpg,正常考试,,normal,正常考试,正常考试中,True,169.88
targeted_samples,eval,normal_front_guard,assets/test_images/targeted_samples/normal/normal_front_guard_008_20260708_154529.jpg,normal_front_guard_008_20260708_154529.jpg,正常考试,,normal,正常考试,正常考试中,True,159.65
targeted_samples,tune,normal_side_guard,assets/test_images/targeted_samples/normal/normal_side_guard_001_20260708_154600.jpg,normal_side_guard_001_20260708_154600.jpg,正常考试,,normal,正常考试,正常考试中,True,159.39
targeted_samples,tune,normal_side_guard,assets/test_images/targeted_samples/normal/normal_side_guard_002_20260708_154603.jpg,normal_side_guard_002_20260708_154603.jpg,视线偏移,坐着转身,turn_body,离开座位,离开座位(考生转身),False,155.51
targeted_samples,tune,normal_side_guard,assets/test_images/targeted_samples/normal/normal_side_guard_003_20260708_154605.jpg,normal_side_guard_003_20260708_154605.jpg,视线偏移,坐着转身,turn_body,离开座位,离开座位(考生转身),False,140.73
targeted_samples,tune,normal_side_guard,assets/test_images/targeted_samples/normal/normal_side_guard_004_20260708_154611.jpg,normal_side_guard_004_20260708_154611.jpg,视线偏移,坐着转身,turn_body,离开座位,离开座位(考生转身),False,147.94
targeted_samples,tune,normal_side_guard,assets/test_images/targeted_samples/normal/normal_side_guard_005_20260708_154614.jpg,normal_side_guard_005_20260708_154614.jpg,正常考试,,normal,正常考试,正常考试中,True,148.2
targeted_samples,eval,normal_side_guard,assets/test_images/targeted_samples/normal/normal_side_guard_006_20260708_154617.jpg,normal_side_guard_006_20260708_154617.jpg,正常考试,,normal,正常考试,正常考试中,True,152.0
targeted_samples,eval,normal_side_guard,assets/test_images/targeted_samples/normal/normal_side_guard_007_20260708_154620.jpg,normal_side_guard_007_20260708_154620.jpg,正常考试,,normal,正常考试,正常考试中,True,150.09
targeted_samples,tune,phone_left_guard,assets/test_images/targeted_samples/phone_call/phone_left_guard_001_20260708_154638.jpg,phone_left_guard_001_20260708_154638.jpg,打电话,,phone_call,打电话,考生疑似打电话,True,143.47
targeted_samples,tune,phone_left_guard,assets/test_images/targeted_samples/phone_call/phone_left_guard_002_20260708_154641.jpg,phone_left_guard_002_20260708_154641.jpg,打电话,,phone_call,打电话,考生疑似打电话,True,136.22
targeted_samples,tune,phone_left_guard,assets/test_images/targeted_samples/phone_call/phone_left_guard_003_20260708_154644.jpg,phone_left_guard_003_20260708_154644.jpg,打电话,,phone_call,打电话,考生疑似打电话,True,155.73
targeted_samples,tune,phone_left_guard,assets/test_images/targeted_samples/phone_call/phone_left_guard_004_20260708_154651.jpg,phone_left_guard_004_20260708_154651.jpg,打电话,,phone_call,打电话,考生疑似打电话,True,167.93
targeted_samples,tune,phone_left_guard,assets/test_images/targeted_samples/phone_call/phone_left_guard_005_20260708_154655.jpg,phone_left_guard_005_20260708_154655.jpg,打电话,,phone_call,打电话,考生疑似打电话,True,166.56
targeted_samples,tune,phone_left_guard,assets/test_images/targeted_samples/phone_call/phone_left_guard_006_20260708_154657.jpg,phone_left_guard_006_20260708_154657.jpg,打电话,,phone_call,打电话,考生疑似打电话,True,174.02
targeted_samples,eval,phone_left_guard,assets/test_images/targeted_samples/phone_call/phone_left_guard_007_20260708_154700.jpg,phone_left_guard_007_20260708_154700.jpg,打电话,,phone_call,打电话,考生疑似打电话,True,175.53
targeted_samples,eval,phone_left_guard,assets/test_images/targeted_samples/phone_call/phone_left_guard_008_20260708_154705.jpg,phone_left_guard_008_20260708_154705.jpg,打电话,,phone_call,打电话,考生疑似打电话,True,175.3
targeted_samples,tune,phone_right_guard,assets/test_images/targeted_samples/phone_call/phone_right_guard_001_20260708_154711.jpg,phone_right_guard_001_20260708_154711.jpg,打电话,,phone_call,打电话,考生疑似打电话,True,178.17
targeted_samples,tune,phone_right_guard,assets/test_images/targeted_samples/phone_call/phone_right_guard_002_20260708_154714.jpg,phone_right_guard_002_20260708_154714.jpg,打电话,,phone_call,打电话,考生疑似打电话,True,177.88
targeted_samples,tune,phone_right_guard,assets/test_images/targeted_samples/phone_call/phone_right_guard_003_20260708_154717.jpg,phone_right_guard_003_20260708_154717.jpg,打电话,,phone_call,打电话,考生疑似打电话,True,170.31
targeted_samples,tune,phone_right_guard,assets/test_images/targeted_samples/phone_call/phone_right_guard_004_20260708_154720.jpg,phone_right_guard_004_20260708_154720.jpg,打电话,,phone_call,打电话,考生疑似打电话,True,177.97
targeted_samples,tune,phone_right_guard,assets/test_images/targeted_samples/phone_call/phone_right_guard_005_20260708_154724.jpg,phone_right_guard_005_20260708_154724.jpg,打电话,,phone_call,打电话,考生疑似打电话,True,168.37
targeted_samples,eval,phone_right_guard,assets/test_images/targeted_samples/phone_call/phone_right_guard_006_20260708_154727.jpg,phone_right_guard_006_20260708_154727.jpg,打电话,,phone_call,打电话,考生疑似打电话,True,164.91
targeted_samples,eval,phone_right_guard,assets/test_images/targeted_samples/phone_call/phone_right_guard_007_20260708_154730.jpg,phone_right_guard_007_20260708_154730.jpg,打电话,,phone_call,打电话,考生疑似打电话,True,182.14
targeted_samples,tune,stretch_both_mixed,assets/test_images/targeted_samples/stretch_arm/stretch_both_mixed_001_20260708_154303.jpg,stretch_both_mixed_001_20260708_154303.jpg,伸胳膊,,normal,正常考试,正常考试中,False,173.56
targeted_samples,tune,stretch_both_mixed,assets/test_images/targeted_samples/stretch_arm/stretch_both_mixed_002_20260708_154327.jpg,stretch_both_mixed_002_20260708_154327.jpg,伸胳膊,,stretch_arm,伸胳膊,考生伸展胳膊,True,181.16
targeted_samples,tune,stretch_both_mixed,assets/test_images/targeted_samples/stretch_arm/stretch_both_mixed_003_20260708_154331.jpg,stretch_both_mixed_003_20260708_154331.jpg,伸胳膊,,stretch_arm,伸胳膊,考生伸展胳膊,True,171.52
targeted_samples,tune,stretch_both_mixed,assets/test_images/targeted_samples/stretch_arm/stretch_both_mixed_004_20260708_154334.jpg,stretch_both_mixed_004_20260708_154334.jpg,伸胳膊,,stretch_arm,伸胳膊,考生伸展胳膊,True,175.41
targeted_samples,tune,stretch_both_mixed,assets/test_images/targeted_samples/stretch_arm/stretch_both_mixed_005_20260708_154338.jpg,stretch_both_mixed_005_20260708_154338.jpg,伸胳膊,,stretch_arm,伸胳膊,考生伸展胳膊,True,171.94
targeted_samples,tune,stretch_both_mixed,assets/test_images/targeted_samples/stretch_arm/stretch_both_mixed_006_20260708_154341.jpg,stretch_both_mixed_006_20260708_154341.jpg,伸胳膊,,stretch_arm,伸胳膊,考生伸展胳膊,True,186.0
targeted_samples,tune,stretch_both_mixed,assets/test_images/targeted_samples/stretch_arm/stretch_both_mixed_007_20260708_154346.jpg,stretch_both_mixed_007_20260708_154346.jpg,伸胳膊,,stretch_arm,伸胳膊,考生伸展胳膊,True,178.71
targeted_samples,eval,stretch_both_mixed,assets/test_images/targeted_samples/stretch_arm/stretch_both_mixed_008_20260708_154350.jpg,stretch_both_mixed_008_20260708_154350.jpg,伸胳膊,,stretch_arm,伸胳膊,考生伸展胳膊,True,186.83
targeted_samples,eval,stretch_both_mixed,assets/test_images/targeted_samples/stretch_arm/stretch_both_mixed_009_20260708_154359.jpg,stretch_both_mixed_009_20260708_154359.jpg,伸胳膊,,stretch_arm,伸胳膊,考生伸展胳膊,True,175.59
targeted_samples,eval,stretch_both_mixed,assets/test_images/targeted_samples/stretch_arm/stretch_both_mixed_010_20260708_154402.jpg,stretch_both_mixed_010_20260708_154402.jpg,伸胳膊,,stretch_arm,伸胳膊,考生伸展胳膊,True,167.78
targeted_samples,tune,stretch_left_horizontal,assets/test_images/targeted_samples/stretch_arm/stretch_left_horizontal_001_20260708_153800.jpg,stretch_left_horizontal_001_20260708_153800.jpg,伸胳膊,,stretch_arm,伸胳膊,考生伸展胳膊,True,165.13
targeted_samples,tune,stretch_left_horizontal,assets/test_images/targeted_samples/stretch_arm/stretch_left_horizontal_002_20260708_153817.jpg,stretch_left_horizontal_002_20260708_153817.jpg,伸胳膊,,normal,正常考试,正常考试中,False,159.73
targeted_samples,tune,stretch_left_horizontal,assets/test_images/targeted_samples/stretch_arm/stretch_left_horizontal_003_20260708_153839.jpg,stretch_left_horizontal_003_20260708_153839.jpg,伸胳膊,,normal,正常考试,正常考试中,False,143.38
targeted_samples,tune,stretch_left_horizontal,assets/test_images/targeted_samples/stretch_arm/stretch_left_horizontal_004_20260708_153846.jpg,stretch_left_horizontal_004_20260708_153846.jpg,伸胳膊,,stretch_arm,伸胳膊,考生伸展胳膊,True,143.34
targeted_samples,tune,stretch_left_horizontal,assets/test_images/targeted_samples/stretch_arm/stretch_left_horizontal_005_20260708_153849.jpg,stretch_left_horizontal_005_20260708_153849.jpg,伸胳膊,,stretch_arm,伸胳膊,考生伸展胳膊,True,144.44
targeted_samples,tune,stretch_left_horizontal,assets/test_images/targeted_samples/stretch_arm/stretch_left_horizontal_006_20260708_153852.jpg,stretch_left_horizontal_006_20260708_153852.jpg,伸胳膊,,stretch_arm,伸胳膊,考生伸展胳膊,True,153.82
targeted_samples,tune,stretch_left_horizontal,assets/test_images/targeted_samples/stretch_arm/stretch_left_horizontal_007_20260708_153855.jpg,stretch_left_horizontal_007_20260708_153855.jpg,伸胳膊,,stretch_arm,伸胳膊,考生伸展胳膊,True,159.63
targeted_samples,eval,stretch_left_horizontal,assets/test_images/targeted_samples/stretch_arm/stretch_left_horizontal_008_20260708_153858.jpg,stretch_left_horizontal_008_20260708_153858.jpg,伸胳膊,,stretch_arm,伸胳膊,考生伸展胳膊,True,164.44
targeted_samples,eval,stretch_left_horizontal,assets/test_images/targeted_samples/stretch_arm/stretch_left_horizontal_009_20260708_153901.jpg,stretch_left_horizontal_009_20260708_153901.jpg,伸胳膊,,stretch_arm,伸胳膊,考生伸展胳膊,True,169.56
targeted_samples,eval,stretch_left_horizontal,assets/test_images/targeted_samples/stretch_arm/stretch_left_horizontal_010_20260708_153917.jpg,stretch_left_horizontal_010_20260708_153917.jpg,伸胳膊,,stretch_arm,伸胳膊,考生伸展胳膊,True,160.06
targeted_samples,tune,stretch_left_up,assets/test_images/targeted_samples/stretch_arm/stretch_left_up_001_20260708_154009.jpg,stretch_left_up_001_20260708_154009.jpg,伸胳膊,,stretch_arm,伸胳膊,考生伸展胳膊,True,195.49
targeted_samples,tune,stretch_left_up,assets/test_images/targeted_samples/stretch_arm/stretch_left_up_002_20260708_154012.jpg,stretch_left_up_002_20260708_154012.jpg,伸胳膊,,stretch_arm,伸胳膊,考生伸展胳膊,True,223.22
targeted_samples,tune,stretch_left_up,assets/test_images/targeted_samples/stretch_arm/stretch_left_up_003_20260708_154014.jpg,stretch_left_up_003_20260708_154014.jpg,伸胳膊,,stretch_arm,伸胳膊,考生伸展胳膊,True,209.12
targeted_samples,tune,stretch_left_up,assets/test_images/targeted_samples/stretch_arm/stretch_left_up_004_20260708_154017.jpg,stretch_left_up_004_20260708_154017.jpg,伸胳膊,,stretch_arm,伸胳膊,考生伸展胳膊,True,240.25
targeted_samples,tune,stretch_left_up,assets/test_images/targeted_samples/stretch_arm/stretch_left_up_005_20260708_154019.jpg,stretch_left_up_005_20260708_154019.jpg,伸胳膊,,stretch_arm,伸胳膊,考生伸展胳膊,True,239.35
targeted_samples,tune,stretch_left_up,assets/test_images/targeted_samples/stretch_arm/stretch_left_up_006_20260708_154022.jpg,stretch_left_up_006_20260708_154022.jpg,伸胳膊,,stretch_arm,伸胳膊,考生伸展胳膊,True,219.54
targeted_samples,tune,stretch_left_up,assets/test_images/targeted_samples/stretch_arm/stretch_left_up_007_20260708_154025.jpg,stretch_left_up_007_20260708_154025.jpg,伸胳膊,,stretch_arm,伸胳膊,考生伸展胳膊,True,212.59
targeted_samples,eval,stretch_left_up,assets/test_images/targeted_samples/stretch_arm/stretch_left_up_008_20260708_154029.jpg,stretch_left_up_008_20260708_154029.jpg,伸胳膊,,stretch_arm,伸胳膊,考生伸展胳膊,True,222.9
targeted_samples,eval,stretch_left_up,assets/test_images/targeted_samples/stretch_arm/stretch_left_up_009_20260708_154032.jpg,stretch_left_up_009_20260708_154032.jpg,伸胳膊,,stretch_arm,伸胳膊,考生伸展胳膊,True,226.86
targeted_samples,eval,stretch_left_up,assets/test_images/targeted_samples/stretch_arm/stretch_left_up_010_20260708_154035.jpg,stretch_left_up_010_20260708_154035.jpg,伸胳膊,,stretch_arm,伸胳膊,考生伸展胳膊,True,207.85
targeted_samples,tune,stretch_right_horizontal,assets/test_images/targeted_samples/stretch_arm/stretch_right_horizontal_001_20260708_153924.jpg,stretch_right_horizontal_001_20260708_153924.jpg,伸胳膊,,stretch_arm,伸胳膊,考生伸展胳膊,True,240.92
targeted_samples,tune,stretch_right_horizontal,assets/test_images/targeted_samples/stretch_arm/stretch_right_horizontal_002_20260708_153927.jpg,stretch_right_horizontal_002_20260708_153927.jpg,伸胳膊,,stretch_arm,伸胳膊,考生伸展胳膊,True,279.65
targeted_samples,tune,stretch_right_horizontal,assets/test_images/targeted_samples/stretch_arm/stretch_right_horizontal_003_20260708_153930.jpg,stretch_right_horizontal_003_20260708_153930.jpg,伸胳膊,,stretch_arm,伸胳膊,考生伸展胳膊,True,267.78
targeted_samples,tune,stretch_right_horizontal,assets/test_images/targeted_samples/stretch_arm/stretch_right_horizontal_004_20260708_153933.jpg,stretch_right_horizontal_004_20260708_153933.jpg,伸胳膊,,stretch_arm,伸胳膊,考生伸展胳膊,True,311.05
targeted_samples,tune,stretch_right_horizontal,assets/test_images/targeted_samples/stretch_arm/stretch_right_horizontal_005_20260708_153936.jpg,stretch_right_horizontal_005_20260708_153936.jpg,伸胳膊,,stretch_arm,伸胳膊,考生伸展胳膊,True,268.59
targeted_samples,tune,stretch_right_horizontal,assets/test_images/targeted_samples/stretch_arm/stretch_right_horizontal_006_20260708_153939.jpg,stretch_right_horizontal_006_20260708_153939.jpg,伸胳膊,,stretch_arm,伸胳膊,考生伸展胳膊,True,259.28
targeted_samples,tune,stretch_right_horizontal,assets/test_images/targeted_samples/stretch_arm/stretch_right_horizontal_007_20260708_153942.jpg,stretch_right_horizontal_007_20260708_153942.jpg,伸胳膊,,stretch_arm,伸胳膊,考生伸展胳膊,True,249.18
targeted_samples,eval,stretch_right_horizontal,assets/test_images/targeted_samples/stretch_arm/stretch_right_horizontal_008_20260708_153945.jpg,stretch_right_horizontal_008_20260708_153945.jpg,伸胳膊,,stretch_arm,伸胳膊,考生伸展胳膊,True,236.41
targeted_samples,eval,stretch_right_horizontal,assets/test_images/targeted_samples/stretch_arm/stretch_right_horizontal_009_20260708_153949.jpg,stretch_right_horizontal_009_20260708_153949.jpg,伸胳膊,,stretch_arm,伸胳膊,考生伸展胳膊,True,223.92
targeted_samples,eval,stretch_right_horizontal,assets/test_images/targeted_samples/stretch_arm/stretch_right_horizontal_010_20260708_153952.jpg,stretch_right_horizontal_010_20260708_153952.jpg,伸胳膊,,stretch_arm,伸胳膊,考生伸展胳膊,True,230.0
targeted_samples,tune,stretch_right_up,assets/test_images/targeted_samples/stretch_arm/stretch_right_up_001_20260708_154215.jpg,stretch_right_up_001_20260708_154215.jpg,伸胳膊,,stretch_arm,伸胳膊,考生伸展胳膊,True,211.71
targeted_samples,tune,stretch_right_up,assets/test_images/targeted_samples/stretch_arm/stretch_right_up_002_20260708_154218.jpg,stretch_right_up_002_20260708_154218.jpg,伸胳膊,,stretch_arm,伸胳膊,考生伸展胳膊,True,189.65
targeted_samples,tune,stretch_right_up,assets/test_images/targeted_samples/stretch_arm/stretch_right_up_003_20260708_154221.jpg,stretch_right_up_003_20260708_154221.jpg,伸胳膊,,stretch_arm,伸胳膊,考生伸展胳膊,True,175.71
targeted_samples,tune,stretch_right_up,assets/test_images/targeted_samples/stretch_arm/stretch_right_up_004_20260708_154224.jpg,stretch_right_up_004_20260708_154224.jpg,伸胳膊,,stretch_arm,伸胳膊,考生伸展胳膊,True,174.64
targeted_samples,tune,stretch_right_up,assets/test_images/targeted_samples/stretch_arm/stretch_right_up_005_20260708_154227.jpg,stretch_right_up_005_20260708_154227.jpg,伸胳膊,,stretch_arm,伸胳膊,考生伸展胳膊,True,184.33
targeted_samples,tune,stretch_right_up,assets/test_images/targeted_samples/stretch_arm/stretch_right_up_006_20260708_154230.jpg,stretch_right_up_006_20260708_154230.jpg,伸胳膊,,stretch_arm,伸胳膊,考生伸展胳膊,True,162.27
targeted_samples,tune,stretch_right_up,assets/test_images/targeted_samples/stretch_arm/stretch_right_up_007_20260708_154233.jpg,stretch_right_up_007_20260708_154233.jpg,伸胳膊,,stretch_arm,伸胳膊,考生伸展胳膊,True,175.26
targeted_samples,eval,stretch_right_up,assets/test_images/targeted_samples/stretch_arm/stretch_right_up_008_20260708_154235.jpg,stretch_right_up_008_20260708_154235.jpg,伸胳膊,,stretch_arm,伸胳膊,考生伸展胳膊,True,162.29
targeted_samples,eval,stretch_right_up,assets/test_images/targeted_samples/stretch_arm/stretch_right_up_009_20260708_154239.jpg,stretch_right_up_009_20260708_154239.jpg,伸胳膊,,stretch_arm,伸胳膊,考生伸展胳膊,True,156.84
targeted_samples,eval,stretch_right_up,assets/test_images/targeted_samples/stretch_arm/stretch_right_up_010_20260708_154242.jpg,stretch_right_up_010_20260708_154242.jpg,伸胳膊,,stretch_arm,伸胳膊,考生伸展胳膊,True,154.78
