created_at,split,category,category_dir,code,name,shot_index,filename,relative_path,camera_index,goal,pose_steps,quality_checks,avoid,raw_relative_path,curation_status,actual,passed,elapsed_ms
2026-07-08T15:38:00,tune,伸胳膊,stretch_arm,stretch_left_horizontal,左手水平伸直,1,stretch_left_horizontal_001_20260708_153800.jpg,assets/test_images/targeted_samples_clean/stretch_arm/stretch_left_horizontal_001_20260708_153800.jpg,0,补足目前最容易漏检的水平伸左臂样本，观察手腕低于肩膀时的关键点表现。,坐在考试位置，脸和上半身保持在画面中，不要刻意离开座位。 | 只伸左手，手臂尽量从肩膀向左侧水平打开，手腕可以略低于肩膀。 | 右手自然放在桌面或腿上，不要靠近耳朵，避免像打电话。 | 每拍 2 张换一点角度：正对摄像头、身体微左、身体微右交替。,左肩、左肘、左手腕尽量都在画面内。 | 手臂要伸直，不要弯成打电话或托腮姿势。 | 脸不要完全消失，否则会混入视线偏移/离开座位因素。,不要把左手贴在脸或耳朵旁。 | 不要两只手同时举起。 | 不要站起来或大幅转身。,assets/test_images/targeted_samples/stretch_arm/stretch_left_horizontal_001_20260708_153800.jpg,kept,警告，考生伸展胳膊,True,517.30
2026-07-08T15:38:46,tune,伸胳膊,stretch_arm,stretch_left_horizontal,左手水平伸直,4,stretch_left_horizontal_004_20260708_153846.jpg,assets/test_images/targeted_samples_clean/stretch_arm/stretch_left_horizontal_004_20260708_153846.jpg,0,补足目前最容易漏检的水平伸左臂样本，观察手腕低于肩膀时的关键点表现。,坐在考试位置，脸和上半身保持在画面中，不要刻意离开座位。 | 只伸左手，手臂尽量从肩膀向左侧水平打开，手腕可以略低于肩膀。 | 右手自然放在桌面或腿上，不要靠近耳朵，避免像打电话。 | 每拍 2 张换一点角度：正对摄像头、身体微左、身体微右交替。,左肩、左肘、左手腕尽量都在画面内。 | 手臂要伸直，不要弯成打电话或托腮姿势。 | 脸不要完全消失，否则会混入视线偏移/离开座位因素。,不要把左手贴在脸或耳朵旁。 | 不要两只手同时举起。 | 不要站起来或大幅转身。,assets/test_images/targeted_samples/stretch_arm/stretch_left_horizontal_004_20260708_153846.jpg,kept,警告，考生伸展胳膊,True,565.34
2026-07-08T15:38:49,tune,伸胳膊,stretch_arm,stretch_left_horizontal,左手水平伸直,5,stretch_left_horizontal_005_20260708_153849.jpg,assets/test_images/targeted_samples_clean/stretch_arm/stretch_left_horizontal_005_20260708_153849.jpg,0,补足目前最容易漏检的水平伸左臂样本，观察手腕低于肩膀时的关键点表现。,坐在考试位置，脸和上半身保持在画面中，不要刻意离开座位。 | 只伸左手，手臂尽量从肩膀向左侧水平打开，手腕可以略低于肩膀。 | 右手自然放在桌面或腿上，不要靠近耳朵，避免像打电话。 | 每拍 2 张换一点角度：正对摄像头、身体微左、身体微右交替。,左肩、左肘、左手腕尽量都在画面内。 | 手臂要伸直，不要弯成打电话或托腮姿势。 | 脸不要完全消失，否则会混入视线偏移/离开座位因素。,不要把左手贴在脸或耳朵旁。 | 不要两只手同时举起。 | 不要站起来或大幅转身。,assets/test_images/targeted_samples/stretch_arm/stretch_left_horizontal_005_20260708_153849.jpg,kept,警告，考生伸展胳膊,True,626.07
2026-07-08T15:38:52,tune,伸胳膊,stretch_arm,stretch_left_horizontal,左手水平伸直,6,stretch_left_horizontal_006_20260708_153852.jpg,assets/test_images/targeted_samples_clean/stretch_arm/stretch_left_horizontal_006_20260708_153852.jpg,0,补足目前最容易漏检的水平伸左臂样本，观察手腕低于肩膀时的关键点表现。,坐在考试位置，脸和上半身保持在画面中，不要刻意离开座位。 | 只伸左手，手臂尽量从肩膀向左侧水平打开，手腕可以略低于肩膀。 | 右手自然放在桌面或腿上，不要靠近耳朵，避免像打电话。 | 每拍 2 张换一点角度：正对摄像头、身体微左、身体微右交替。,左肩、左肘、左手腕尽量都在画面内。 | 手臂要伸直，不要弯成打电话或托腮姿势。 | 脸不要完全消失，否则会混入视线偏移/离开座位因素。,不要把左手贴在脸或耳朵旁。 | 不要两只手同时举起。 | 不要站起来或大幅转身。,assets/test_images/targeted_samples/stretch_arm/stretch_left_horizontal_006_20260708_153852.jpg,kept,警告，考生伸展胳膊,True,584.53
2026-07-08T15:38:55,tune,伸胳膊,stretch_arm,stretch_left_horizontal,左手水平伸直,7,stretch_left_horizontal_007_20260708_153855.jpg,assets/test_images/targeted_samples_clean/stretch_arm/stretch_left_horizontal_007_20260708_153855.jpg,0,补足目前最容易漏检的水平伸左臂样本，观察手腕低于肩膀时的关键点表现。,坐在考试位置，脸和上半身保持在画面中，不要刻意离开座位。 | 只伸左手，手臂尽量从肩膀向左侧水平打开，手腕可以略低于肩膀。 | 右手自然放在桌面或腿上，不要靠近耳朵，避免像打电话。 | 每拍 2 张换一点角度：正对摄像头、身体微左、身体微右交替。,左肩、左肘、左手腕尽量都在画面内。 | 手臂要伸直，不要弯成打电话或托腮姿势。 | 脸不要完全消失，否则会混入视线偏移/离开座位因素。,不要把左手贴在脸或耳朵旁。 | 不要两只手同时举起。 | 不要站起来或大幅转身。,assets/test_images/targeted_samples/stretch_arm/stretch_left_horizontal_007_20260708_153855.jpg,kept,警告，考生伸展胳膊,True,617.36
2026-07-08T15:38:58,eval,伸胳膊,stretch_arm,stretch_left_horizontal,左手水平伸直,8,stretch_left_horizontal_008_20260708_153858.jpg,assets/test_images/targeted_samples_clean/stretch_arm/stretch_left_horizontal_008_20260708_153858.jpg,0,补足目前最容易漏检的水平伸左臂样本，观察手腕低于肩膀时的关键点表现。,坐在考试位置，脸和上半身保持在画面中，不要刻意离开座位。 | 只伸左手，手臂尽量从肩膀向左侧水平打开，手腕可以略低于肩膀。 | 右手自然放在桌面或腿上，不要靠近耳朵，避免像打电话。 | 每拍 2 张换一点角度：正对摄像头、身体微左、身体微右交替。,左肩、左肘、左手腕尽量都在画面内。 | 手臂要伸直，不要弯成打电话或托腮姿势。 | 脸不要完全消失，否则会混入视线偏移/离开座位因素。,不要把左手贴在脸或耳朵旁。 | 不要两只手同时举起。 | 不要站起来或大幅转身。,assets/test_images/targeted_samples/stretch_arm/stretch_left_horizontal_008_20260708_153858.jpg,kept,正常考试中 ...,False,644.61
2026-07-08T15:39:01,eval,伸胳膊,stretch_arm,stretch_left_horizontal,左手水平伸直,9,stretch_left_horizontal_009_20260708_153901.jpg,assets/test_images/targeted_samples_clean/stretch_arm/stretch_left_horizontal_009_20260708_153901.jpg,0,补足目前最容易漏检的水平伸左臂样本，观察手腕低于肩膀时的关键点表现。,坐在考试位置，脸和上半身保持在画面中，不要刻意离开座位。 | 只伸左手，手臂尽量从肩膀向左侧水平打开，手腕可以略低于肩膀。 | 右手自然放在桌面或腿上，不要靠近耳朵，避免像打电话。 | 每拍 2 张换一点角度：正对摄像头、身体微左、身体微右交替。,左肩、左肘、左手腕尽量都在画面内。 | 手臂要伸直，不要弯成打电话或托腮姿势。 | 脸不要完全消失，否则会混入视线偏移/离开座位因素。,不要把左手贴在脸或耳朵旁。 | 不要两只手同时举起。 | 不要站起来或大幅转身。,assets/test_images/targeted_samples/stretch_arm/stretch_left_horizontal_009_20260708_153901.jpg,kept,正常考试中 ...,False,690.32
2026-07-08T15:39:17,eval,伸胳膊,stretch_arm,stretch_left_horizontal,左手水平伸直,10,stretch_left_horizontal_010_20260708_153917.jpg,assets/test_images/targeted_samples_clean/stretch_arm/stretch_left_horizontal_010_20260708_153917.jpg,0,补足目前最容易漏检的水平伸左臂样本，观察手腕低于肩膀时的关键点表现。,坐在考试位置，脸和上半身保持在画面中，不要刻意离开座位。 | 只伸左手，手臂尽量从肩膀向左侧水平打开，手腕可以略低于肩膀。 | 右手自然放在桌面或腿上，不要靠近耳朵，避免像打电话。 | 每拍 2 张换一点角度：正对摄像头、身体微左、身体微右交替。,左肩、左肘、左手腕尽量都在画面内。 | 手臂要伸直，不要弯成打电话或托腮姿势。 | 脸不要完全消失，否则会混入视线偏移/离开座位因素。,不要把左手贴在脸或耳朵旁。 | 不要两只手同时举起。 | 不要站起来或大幅转身。,assets/test_images/targeted_samples/stretch_arm/stretch_left_horizontal_010_20260708_153917.jpg,kept,警告，考生伸展胳膊,True,666.75
2026-07-08T15:39:24,tune,伸胳膊,stretch_arm,stretch_right_horizontal,右手水平伸直,1,stretch_right_horizontal_001_20260708_153924.jpg,assets/test_images/targeted_samples_clean/stretch_arm/stretch_right_horizontal_001_20260708_153924.jpg,0,继续补水平伸右臂样本，验证新增低位伸展规则是否稳定。,坐在座位上，身体大致面对摄像头。 | 只伸右手，手臂向右侧水平打开，肘部尽量伸直。 | 左手自然放下，不要做打电话、托腮、摸头动作。 | 每拍几张调整手腕高度：略高于肩、齐肩、略低于肩。,右肩、右肘、右手腕要尽量入镜。 | 手腕离耳朵远一点，形成明确的伸展动作。 | 背景尽量保持考试环境，不要让第二个人入镜。,不要让手臂被桌子、椅背或身体遮住。 | 不要把手机拿到耳边。 | 不要让手腕出画面。,assets/test_images/targeted_samples/stretch_arm/stretch_right_horizontal_001_20260708_153924.jpg,kept,警告，考生伸展胳膊,True,615.61
2026-07-08T15:39:27,tune,伸胳膊,stretch_arm,stretch_right_horizontal,右手水平伸直,2,stretch_right_horizontal_002_20260708_153927.jpg,assets/test_images/targeted_samples_clean/stretch_arm/stretch_right_horizontal_002_20260708_153927.jpg,0,继续补水平伸右臂样本，验证新增低位伸展规则是否稳定。,坐在座位上，身体大致面对摄像头。 | 只伸右手，手臂向右侧水平打开，肘部尽量伸直。 | 左手自然放下，不要做打电话、托腮、摸头动作。 | 每拍几张调整手腕高度：略高于肩、齐肩、略低于肩。,右肩、右肘、右手腕要尽量入镜。 | 手腕离耳朵远一点，形成明确的伸展动作。 | 背景尽量保持考试环境，不要让第二个人入镜。,不要让手臂被桌子、椅背或身体遮住。 | 不要把手机拿到耳边。 | 不要让手腕出画面。,assets/test_images/targeted_samples/stretch_arm/stretch_right_horizontal_002_20260708_153927.jpg,kept,警告，考生伸展胳膊,True,703.45
2026-07-08T15:39:30,tune,伸胳膊,stretch_arm,stretch_right_horizontal,右手水平伸直,3,stretch_right_horizontal_003_20260708_153930.jpg,assets/test_images/targeted_samples_clean/stretch_arm/stretch_right_horizontal_003_20260708_153930.jpg,0,继续补水平伸右臂样本，验证新增低位伸展规则是否稳定。,坐在座位上，身体大致面对摄像头。 | 只伸右手，手臂向右侧水平打开，肘部尽量伸直。 | 左手自然放下，不要做打电话、托腮、摸头动作。 | 每拍几张调整手腕高度：略高于肩、齐肩、略低于肩。,右肩、右肘、右手腕要尽量入镜。 | 手腕离耳朵远一点，形成明确的伸展动作。 | 背景尽量保持考试环境，不要让第二个人入镜。,不要让手臂被桌子、椅背或身体遮住。 | 不要把手机拿到耳边。 | 不要让手腕出画面。,assets/test_images/targeted_samples/stretch_arm/stretch_right_horizontal_003_20260708_153930.jpg,kept,警告，考生伸展胳膊,True,761.87
2026-07-08T15:39:33,tune,伸胳膊,stretch_arm,stretch_right_horizontal,右手水平伸直,4,stretch_right_horizontal_004_20260708_153933.jpg,assets/test_images/targeted_samples_clean/stretch_arm/stretch_right_horizontal_004_20260708_153933.jpg,0,继续补水平伸右臂样本，验证新增低位伸展规则是否稳定。,坐在座位上，身体大致面对摄像头。 | 只伸右手，手臂向右侧水平打开，肘部尽量伸直。 | 左手自然放下，不要做打电话、托腮、摸头动作。 | 每拍几张调整手腕高度：略高于肩、齐肩、略低于肩。,右肩、右肘、右手腕要尽量入镜。 | 手腕离耳朵远一点，形成明确的伸展动作。 | 背景尽量保持考试环境，不要让第二个人入镜。,不要让手臂被桌子、椅背或身体遮住。 | 不要把手机拿到耳边。 | 不要让手腕出画面。,assets/test_images/targeted_samples/stretch_arm/stretch_right_horizontal_004_20260708_153933.jpg,kept,警告，考生伸展胳膊,True,669.37
2026-07-08T15:39:36,tune,伸胳膊,stretch_arm,stretch_right_horizontal,右手水平伸直,5,stretch_right_horizontal_005_20260708_153936.jpg,assets/test_images/targeted_samples_clean/stretch_arm/stretch_right_horizontal_005_20260708_153936.jpg,0,继续补水平伸右臂样本，验证新增低位伸展规则是否稳定。,坐在座位上，身体大致面对摄像头。 | 只伸右手，手臂向右侧水平打开，肘部尽量伸直。 | 左手自然放下，不要做打电话、托腮、摸头动作。 | 每拍几张调整手腕高度：略高于肩、齐肩、略低于肩。,右肩、右肘、右手腕要尽量入镜。 | 手腕离耳朵远一点，形成明确的伸展动作。 | 背景尽量保持考试环境，不要让第二个人入镜。,不要让手臂被桌子、椅背或身体遮住。 | 不要把手机拿到耳边。 | 不要让手腕出画面。,assets/test_images/targeted_samples/stretch_arm/stretch_right_horizontal_005_20260708_153936.jpg,kept,警告，考生伸展胳膊,True,529.79
2026-07-08T15:39:39,tune,伸胳膊,stretch_arm,stretch_right_horizontal,右手水平伸直,6,stretch_right_horizontal_006_20260708_153939.jpg,assets/test_images/targeted_samples_clean/stretch_arm/stretch_right_horizontal_006_20260708_153939.jpg,0,继续补水平伸右臂样本，验证新增低位伸展规则是否稳定。,坐在座位上，身体大致面对摄像头。 | 只伸右手，手臂向右侧水平打开，肘部尽量伸直。 | 左手自然放下，不要做打电话、托腮、摸头动作。 | 每拍几张调整手腕高度：略高于肩、齐肩、略低于肩。,右肩、右肘、右手腕要尽量入镜。 | 手腕离耳朵远一点，形成明确的伸展动作。 | 背景尽量保持考试环境，不要让第二个人入镜。,不要让手臂被桌子、椅背或身体遮住。 | 不要把手机拿到耳边。 | 不要让手腕出画面。,assets/test_images/targeted_samples/stretch_arm/stretch_right_horizontal_006_20260708_153939.jpg,kept,警告，考生伸展胳膊,True,572.75
2026-07-08T15:39:42,tune,伸胳膊,stretch_arm,stretch_right_horizontal,右手水平伸直,7,stretch_right_horizontal_007_20260708_153942.jpg,assets/test_images/targeted_samples_clean/stretch_arm/stretch_right_horizontal_007_20260708_153942.jpg,0,继续补水平伸右臂样本，验证新增低位伸展规则是否稳定。,坐在座位上，身体大致面对摄像头。 | 只伸右手，手臂向右侧水平打开，肘部尽量伸直。 | 左手自然放下，不要做打电话、托腮、摸头动作。 | 每拍几张调整手腕高度：略高于肩、齐肩、略低于肩。,右肩、右肘、右手腕要尽量入镜。 | 手腕离耳朵远一点，形成明确的伸展动作。 | 背景尽量保持考试环境，不要让第二个人入镜。,不要让手臂被桌子、椅背或身体遮住。 | 不要把手机拿到耳边。 | 不要让手腕出画面。,assets/test_images/targeted_samples/stretch_arm/stretch_right_horizontal_007_20260708_153942.jpg,kept,正常考试中 ...,False,566.42
2026-07-08T15:39:45,eval,伸胳膊,stretch_arm,stretch_right_horizontal,右手水平伸直,8,stretch_right_horizontal_008_20260708_153945.jpg,assets/test_images/targeted_samples_clean/stretch_arm/stretch_right_horizontal_008_20260708_153945.jpg,0,继续补水平伸右臂样本，验证新增低位伸展规则是否稳定。,坐在座位上，身体大致面对摄像头。 | 只伸右手，手臂向右侧水平打开，肘部尽量伸直。 | 左手自然放下，不要做打电话、托腮、摸头动作。 | 每拍几张调整手腕高度：略高于肩、齐肩、略低于肩。,右肩、右肘、右手腕要尽量入镜。 | 手腕离耳朵远一点，形成明确的伸展动作。 | 背景尽量保持考试环境，不要让第二个人入镜。,不要让手臂被桌子、椅背或身体遮住。 | 不要把手机拿到耳边。 | 不要让手腕出画面。,assets/test_images/targeted_samples/stretch_arm/stretch_right_horizontal_008_20260708_153945.jpg,kept,正常考试中 ...,False,684.44
2026-07-08T15:39:49,eval,伸胳膊,stretch_arm,stretch_right_horizontal,右手水平伸直,9,stretch_right_horizontal_009_20260708_153949.jpg,assets/test_images/targeted_samples_clean/stretch_arm/stretch_right_horizontal_009_20260708_153949.jpg,0,继续补水平伸右臂样本，验证新增低位伸展规则是否稳定。,坐在座位上，身体大致面对摄像头。 | 只伸右手，手臂向右侧水平打开，肘部尽量伸直。 | 左手自然放下，不要做打电话、托腮、摸头动作。 | 每拍几张调整手腕高度：略高于肩、齐肩、略低于肩。,右肩、右肘、右手腕要尽量入镜。 | 手腕离耳朵远一点，形成明确的伸展动作。 | 背景尽量保持考试环境，不要让第二个人入镜。,不要让手臂被桌子、椅背或身体遮住。 | 不要把手机拿到耳边。 | 不要让手腕出画面。,assets/test_images/targeted_samples/stretch_arm/stretch_right_horizontal_009_20260708_153949.jpg,kept,正常考试中 ...,False,638.65
2026-07-08T15:39:52,eval,伸胳膊,stretch_arm,stretch_right_horizontal,右手水平伸直,10,stretch_right_horizontal_010_20260708_153952.jpg,assets/test_images/targeted_samples_clean/stretch_arm/stretch_right_horizontal_010_20260708_153952.jpg,0,继续补水平伸右臂样本，验证新增低位伸展规则是否稳定。,坐在座位上，身体大致面对摄像头。 | 只伸右手，手臂向右侧水平打开，肘部尽量伸直。 | 左手自然放下，不要做打电话、托腮、摸头动作。 | 每拍几张调整手腕高度：略高于肩、齐肩、略低于肩。,右肩、右肘、右手腕要尽量入镜。 | 手腕离耳朵远一点，形成明确的伸展动作。 | 背景尽量保持考试环境，不要让第二个人入镜。,不要让手臂被桌子、椅背或身体遮住。 | 不要把手机拿到耳边。 | 不要让手腕出画面。,assets/test_images/targeted_samples/stretch_arm/stretch_right_horizontal_010_20260708_153952.jpg,kept,正常考试中 ...,False,669.11
2026-07-08T15:40:09,tune,伸胳膊,stretch_arm,stretch_left_up,左手向上伸直,1,stretch_left_up_001_20260708_154009.jpg,assets/test_images/targeted_samples_clean/stretch_arm/stretch_left_up_001_20260708_154009.jpg,0,补足传统高举伸展样本，确保旧规则和新规则不会互相干扰。,坐姿保持稳定，脸尽量在画面中央。 | 左手从身体左侧向上伸直，像举手或伸懒腰。 | 右手保持自然，不要跟着抬起。 | 拍摄时可以微微低头/正脸交替，但不要完全转身。,左手腕最好不要出画面顶部。 | 左肘不要弯曲太多。 | 上半身和脸仍在画面里。,不要双手一起举。 | 不要离开椅子。 | 不要用手挡住整张脸。,assets/test_images/targeted_samples/stretch_arm/stretch_left_up_001_20260708_154009.jpg,kept,警告，考生伸展胳膊,True,818.84
2026-07-08T15:40:12,tune,伸胳膊,stretch_arm,stretch_left_up,左手向上伸直,2,stretch_left_up_002_20260708_154012.jpg,assets/test_images/targeted_samples_clean/stretch_arm/stretch_left_up_002_20260708_154012.jpg,0,补足传统高举伸展样本，确保旧规则和新规则不会互相干扰。,坐姿保持稳定，脸尽量在画面中央。 | 左手从身体左侧向上伸直，像举手或伸懒腰。 | 右手保持自然，不要跟着抬起。 | 拍摄时可以微微低头/正脸交替，但不要完全转身。,左手腕最好不要出画面顶部。 | 左肘不要弯曲太多。 | 上半身和脸仍在画面里。,不要双手一起举。 | 不要离开椅子。 | 不要用手挡住整张脸。,assets/test_images/targeted_samples/stretch_arm/stretch_left_up_002_20260708_154012.jpg,kept,警告，考生伸展胳膊,True,659.23
2026-07-08T15:40:14,tune,伸胳膊,stretch_arm,stretch_left_up,左手向上伸直,3,stretch_left_up_003_20260708_154014.jpg,assets/test_images/targeted_samples_clean/stretch_arm/stretch_left_up_003_20260708_154014.jpg,0,补足传统高举伸展样本，确保旧规则和新规则不会互相干扰。,坐姿保持稳定，脸尽量在画面中央。 | 左手从身体左侧向上伸直，像举手或伸懒腰。 | 右手保持自然，不要跟着抬起。 | 拍摄时可以微微低头/正脸交替，但不要完全转身。,左手腕最好不要出画面顶部。 | 左肘不要弯曲太多。 | 上半身和脸仍在画面里。,不要双手一起举。 | 不要离开椅子。 | 不要用手挡住整张脸。,assets/test_images/targeted_samples/stretch_arm/stretch_left_up_003_20260708_154014.jpg,kept,警告，考生伸展胳膊,True,643.52
2026-07-08T15:40:17,tune,伸胳膊,stretch_arm,stretch_left_up,左手向上伸直,4,stretch_left_up_004_20260708_154017.jpg,assets/test_images/targeted_samples_clean/stretch_arm/stretch_left_up_004_20260708_154017.jpg,0,补足传统高举伸展样本，确保旧规则和新规则不会互相干扰。,坐姿保持稳定，脸尽量在画面中央。 | 左手从身体左侧向上伸直，像举手或伸懒腰。 | 右手保持自然，不要跟着抬起。 | 拍摄时可以微微低头/正脸交替，但不要完全转身。,左手腕最好不要出画面顶部。 | 左肘不要弯曲太多。 | 上半身和脸仍在画面里。,不要双手一起举。 | 不要离开椅子。 | 不要用手挡住整张脸。,assets/test_images/targeted_samples/stretch_arm/stretch_left_up_004_20260708_154017.jpg,kept,警告，考生伸展胳膊,True,633.14
2026-07-08T15:40:19,tune,伸胳膊,stretch_arm,stretch_left_up,左手向上伸直,5,stretch_left_up_005_20260708_154019.jpg,assets/test_images/targeted_samples_clean/stretch_arm/stretch_left_up_005_20260708_154019.jpg,0,补足传统高举伸展样本，确保旧规则和新规则不会互相干扰。,坐姿保持稳定，脸尽量在画面中央。 | 左手从身体左侧向上伸直，像举手或伸懒腰。 | 右手保持自然，不要跟着抬起。 | 拍摄时可以微微低头/正脸交替，但不要完全转身。,左手腕最好不要出画面顶部。 | 左肘不要弯曲太多。 | 上半身和脸仍在画面里。,不要双手一起举。 | 不要离开椅子。 | 不要用手挡住整张脸。,assets/test_images/targeted_samples/stretch_arm/stretch_left_up_005_20260708_154019.jpg,kept,警告，考生伸展胳膊,True,997.68
2026-07-08T15:40:22,tune,伸胳膊,stretch_arm,stretch_left_up,左手向上伸直,6,stretch_left_up_006_20260708_154022.jpg,assets/test_images/targeted_samples_clean/stretch_arm/stretch_left_up_006_20260708_154022.jpg,0,补足传统高举伸展样本，确保旧规则和新规则不会互相干扰。,坐姿保持稳定，脸尽量在画面中央。 | 左手从身体左侧向上伸直，像举手或伸懒腰。 | 右手保持自然，不要跟着抬起。 | 拍摄时可以微微低头/正脸交替，但不要完全转身。,左手腕最好不要出画面顶部。 | 左肘不要弯曲太多。 | 上半身和脸仍在画面里。,不要双手一起举。 | 不要离开椅子。 | 不要用手挡住整张脸。,assets/test_images/targeted_samples/stretch_arm/stretch_left_up_006_20260708_154022.jpg,kept,警告，考生伸展胳膊,True,578.44
2026-07-08T15:40:25,tune,伸胳膊,stretch_arm,stretch_left_up,左手向上伸直,7,stretch_left_up_007_20260708_154025.jpg,assets/test_images/targeted_samples_clean/stretch_arm/stretch_left_up_007_20260708_154025.jpg,0,补足传统高举伸展样本，确保旧规则和新规则不会互相干扰。,坐姿保持稳定，脸尽量在画面中央。 | 左手从身体左侧向上伸直，像举手或伸懒腰。 | 右手保持自然，不要跟着抬起。 | 拍摄时可以微微低头/正脸交替，但不要完全转身。,左手腕最好不要出画面顶部。 | 左肘不要弯曲太多。 | 上半身和脸仍在画面里。,不要双手一起举。 | 不要离开椅子。 | 不要用手挡住整张脸。,assets/test_images/targeted_samples/stretch_arm/stretch_left_up_007_20260708_154025.jpg,kept,警告，考生伸展胳膊,True,642.89
2026-07-08T15:40:29,eval,伸胳膊,stretch_arm,stretch_left_up,左手向上伸直,8,stretch_left_up_008_20260708_154029.jpg,assets/test_images/targeted_samples_clean/stretch_arm/stretch_left_up_008_20260708_154029.jpg,0,补足传统高举伸展样本，确保旧规则和新规则不会互相干扰。,坐姿保持稳定，脸尽量在画面中央。 | 左手从身体左侧向上伸直，像举手或伸懒腰。 | 右手保持自然，不要跟着抬起。 | 拍摄时可以微微低头/正脸交替，但不要完全转身。,左手腕最好不要出画面顶部。 | 左肘不要弯曲太多。 | 上半身和脸仍在画面里。,不要双手一起举。 | 不要离开椅子。 | 不要用手挡住整张脸。,assets/test_images/targeted_samples/stretch_arm/stretch_left_up_008_20260708_154029.jpg,kept,警告，考生伸展胳膊,True,698.67
2026-07-08T15:40:32,eval,伸胳膊,stretch_arm,stretch_left_up,左手向上伸直,9,stretch_left_up_009_20260708_154032.jpg,assets/test_images/targeted_samples_clean/stretch_arm/stretch_left_up_009_20260708_154032.jpg,0,补足传统高举伸展样本，确保旧规则和新规则不会互相干扰。,坐姿保持稳定，脸尽量在画面中央。 | 左手从身体左侧向上伸直，像举手或伸懒腰。 | 右手保持自然，不要跟着抬起。 | 拍摄时可以微微低头/正脸交替，但不要完全转身。,左手腕最好不要出画面顶部。 | 左肘不要弯曲太多。 | 上半身和脸仍在画面里。,不要双手一起举。 | 不要离开椅子。 | 不要用手挡住整张脸。,assets/test_images/targeted_samples/stretch_arm/stretch_left_up_009_20260708_154032.jpg,kept,警告，考生伸展胳膊,True,803.49
2026-07-08T15:40:35,eval,伸胳膊,stretch_arm,stretch_left_up,左手向上伸直,10,stretch_left_up_010_20260708_154035.jpg,assets/test_images/targeted_samples_clean/stretch_arm/stretch_left_up_010_20260708_154035.jpg,0,补足传统高举伸展样本，确保旧规则和新规则不会互相干扰。,坐姿保持稳定，脸尽量在画面中央。 | 左手从身体左侧向上伸直，像举手或伸懒腰。 | 右手保持自然，不要跟着抬起。 | 拍摄时可以微微低头/正脸交替，但不要完全转身。,左手腕最好不要出画面顶部。 | 左肘不要弯曲太多。 | 上半身和脸仍在画面里。,不要双手一起举。 | 不要离开椅子。 | 不要用手挡住整张脸。,assets/test_images/targeted_samples/stretch_arm/stretch_left_up_010_20260708_154035.jpg,kept,警告，考生伸展胳膊,True,612.04
2026-07-08T15:42:15,tune,伸胳膊,stretch_arm,stretch_right_up,右手向上伸直,1,stretch_right_up_001_20260708_154215.jpg,assets/test_images/targeted_samples_clean/stretch_arm/stretch_right_up_001_20260708_154215.jpg,0,补足右手高举伸展样本，和右手水平伸展形成对照。,坐在画面中央，保持考试摄像头常见距离。 | 右手向上伸直，手腕高于肩膀。 | 左手放下，脸可以正对或轻微看屏幕下方。 | 每 2 张改变一点手臂角度：斜上、正上、侧上。,右肩、右肘、右腕尽量清楚。 | 不要让手臂和背景颜色完全融合。 | 动作要像伸展，不像挠头或摸耳朵。,不要把手贴脸。 | 不要身体转成 90 度。 | 不要让另一个人进入画面。,assets/test_images/targeted_samples/stretch_arm/stretch_right_up_001_20260708_154215.jpg,kept,警告，考生伸展胳膊,True,590.24
2026-07-08T15:42:18,tune,伸胳膊,stretch_arm,stretch_right_up,右手向上伸直,2,stretch_right_up_002_20260708_154218.jpg,assets/test_images/targeted_samples_clean/stretch_arm/stretch_right_up_002_20260708_154218.jpg,0,补足右手高举伸展样本，和右手水平伸展形成对照。,坐在画面中央，保持考试摄像头常见距离。 | 右手向上伸直，手腕高于肩膀。 | 左手放下，脸可以正对或轻微看屏幕下方。 | 每 2 张改变一点手臂角度：斜上、正上、侧上。,右肩、右肘、右腕尽量清楚。 | 不要让手臂和背景颜色完全融合。 | 动作要像伸展，不像挠头或摸耳朵。,不要把手贴脸。 | 不要身体转成 90 度。 | 不要让另一个人进入画面。,assets/test_images/targeted_samples/stretch_arm/stretch_right_up_002_20260708_154218.jpg,kept,警告，考生伸展胳膊,True,611.37
2026-07-08T15:42:21,tune,伸胳膊,stretch_arm,stretch_right_up,右手向上伸直,3,stretch_right_up_003_20260708_154221.jpg,assets/test_images/targeted_samples_clean/stretch_arm/stretch_right_up_003_20260708_154221.jpg,0,补足右手高举伸展样本，和右手水平伸展形成对照。,坐在画面中央，保持考试摄像头常见距离。 | 右手向上伸直，手腕高于肩膀。 | 左手放下，脸可以正对或轻微看屏幕下方。 | 每 2 张改变一点手臂角度：斜上、正上、侧上。,右肩、右肘、右腕尽量清楚。 | 不要让手臂和背景颜色完全融合。 | 动作要像伸展，不像挠头或摸耳朵。,不要把手贴脸。 | 不要身体转成 90 度。 | 不要让另一个人进入画面。,assets/test_images/targeted_samples/stretch_arm/stretch_right_up_003_20260708_154221.jpg,kept,警告，考生伸展胳膊,True,638.73
2026-07-08T15:42:24,tune,伸胳膊,stretch_arm,stretch_right_up,右手向上伸直,4,stretch_right_up_004_20260708_154224.jpg,assets/test_images/targeted_samples_clean/stretch_arm/stretch_right_up_004_20260708_154224.jpg,0,补足右手高举伸展样本，和右手水平伸展形成对照。,坐在画面中央，保持考试摄像头常见距离。 | 右手向上伸直，手腕高于肩膀。 | 左手放下，脸可以正对或轻微看屏幕下方。 | 每 2 张改变一点手臂角度：斜上、正上、侧上。,右肩、右肘、右腕尽量清楚。 | 不要让手臂和背景颜色完全融合。 | 动作要像伸展，不像挠头或摸耳朵。,不要把手贴脸。 | 不要身体转成 90 度。 | 不要让另一个人进入画面。,assets/test_images/targeted_samples/stretch_arm/stretch_right_up_004_20260708_154224.jpg,kept,警告，考生伸展胳膊,True,606.74
2026-07-08T15:42:27,tune,伸胳膊,stretch_arm,stretch_right_up,右手向上伸直,5,stretch_right_up_005_20260708_154227.jpg,assets/test_images/targeted_samples_clean/stretch_arm/stretch_right_up_005_20260708_154227.jpg,0,补足右手高举伸展样本，和右手水平伸展形成对照。,坐在画面中央，保持考试摄像头常见距离。 | 右手向上伸直，手腕高于肩膀。 | 左手放下，脸可以正对或轻微看屏幕下方。 | 每 2 张改变一点手臂角度：斜上、正上、侧上。,右肩、右肘、右腕尽量清楚。 | 不要让手臂和背景颜色完全融合。 | 动作要像伸展，不像挠头或摸耳朵。,不要把手贴脸。 | 不要身体转成 90 度。 | 不要让另一个人进入画面。,assets/test_images/targeted_samples/stretch_arm/stretch_right_up_005_20260708_154227.jpg,kept,警告，考生伸展胳膊,True,678.73
2026-07-08T15:42:30,tune,伸胳膊,stretch_arm,stretch_right_up,右手向上伸直,6,stretch_right_up_006_20260708_154230.jpg,assets/test_images/targeted_samples_clean/stretch_arm/stretch_right_up_006_20260708_154230.jpg,0,补足右手高举伸展样本，和右手水平伸展形成对照。,坐在画面中央，保持考试摄像头常见距离。 | 右手向上伸直，手腕高于肩膀。 | 左手放下，脸可以正对或轻微看屏幕下方。 | 每 2 张改变一点手臂角度：斜上、正上、侧上。,右肩、右肘、右腕尽量清楚。 | 不要让手臂和背景颜色完全融合。 | 动作要像伸展，不像挠头或摸耳朵。,不要把手贴脸。 | 不要身体转成 90 度。 | 不要让另一个人进入画面。,assets/test_images/targeted_samples/stretch_arm/stretch_right_up_006_20260708_154230.jpg,kept,警告，考生伸展胳膊,True,624.47
2026-07-08T15:42:33,tune,伸胳膊,stretch_arm,stretch_right_up,右手向上伸直,7,stretch_right_up_007_20260708_154233.jpg,assets/test_images/targeted_samples_clean/stretch_arm/stretch_right_up_007_20260708_154233.jpg,0,补足右手高举伸展样本，和右手水平伸展形成对照。,坐在画面中央，保持考试摄像头常见距离。 | 右手向上伸直，手腕高于肩膀。 | 左手放下，脸可以正对或轻微看屏幕下方。 | 每 2 张改变一点手臂角度：斜上、正上、侧上。,右肩、右肘、右腕尽量清楚。 | 不要让手臂和背景颜色完全融合。 | 动作要像伸展，不像挠头或摸耳朵。,不要把手贴脸。 | 不要身体转成 90 度。 | 不要让另一个人进入画面。,assets/test_images/targeted_samples/stretch_arm/stretch_right_up_007_20260708_154233.jpg,kept,警告，考生伸展胳膊,True,643.85
2026-07-08T15:42:35,eval,伸胳膊,stretch_arm,stretch_right_up,右手向上伸直,8,stretch_right_up_008_20260708_154235.jpg,assets/test_images/targeted_samples_clean/stretch_arm/stretch_right_up_008_20260708_154235.jpg,0,补足右手高举伸展样本，和右手水平伸展形成对照。,坐在画面中央，保持考试摄像头常见距离。 | 右手向上伸直，手腕高于肩膀。 | 左手放下，脸可以正对或轻微看屏幕下方。 | 每 2 张改变一点手臂角度：斜上、正上、侧上。,右肩、右肘、右腕尽量清楚。 | 不要让手臂和背景颜色完全融合。 | 动作要像伸展，不像挠头或摸耳朵。,不要把手贴脸。 | 不要身体转成 90 度。 | 不要让另一个人进入画面。,assets/test_images/targeted_samples/stretch_arm/stretch_right_up_008_20260708_154235.jpg,kept,警告，考生伸展胳膊,True,1012.74
2026-07-08T15:42:39,eval,伸胳膊,stretch_arm,stretch_right_up,右手向上伸直,9,stretch_right_up_009_20260708_154239.jpg,assets/test_images/targeted_samples_clean/stretch_arm/stretch_right_up_009_20260708_154239.jpg,0,补足右手高举伸展样本，和右手水平伸展形成对照。,坐在画面中央，保持考试摄像头常见距离。 | 右手向上伸直，手腕高于肩膀。 | 左手放下，脸可以正对或轻微看屏幕下方。 | 每 2 张改变一点手臂角度：斜上、正上、侧上。,右肩、右肘、右腕尽量清楚。 | 不要让手臂和背景颜色完全融合。 | 动作要像伸展，不像挠头或摸耳朵。,不要把手贴脸。 | 不要身体转成 90 度。 | 不要让另一个人进入画面。,assets/test_images/targeted_samples/stretch_arm/stretch_right_up_009_20260708_154239.jpg,kept,警告，考生伸展胳膊,True,592.49
2026-07-08T15:42:42,eval,伸胳膊,stretch_arm,stretch_right_up,右手向上伸直,10,stretch_right_up_010_20260708_154242.jpg,assets/test_images/targeted_samples_clean/stretch_arm/stretch_right_up_010_20260708_154242.jpg,0,补足右手高举伸展样本，和右手水平伸展形成对照。,坐在画面中央，保持考试摄像头常见距离。 | 右手向上伸直，手腕高于肩膀。 | 左手放下，脸可以正对或轻微看屏幕下方。 | 每 2 张改变一点手臂角度：斜上、正上、侧上。,右肩、右肘、右腕尽量清楚。 | 不要让手臂和背景颜色完全融合。 | 动作要像伸展，不像挠头或摸耳朵。,不要把手贴脸。 | 不要身体转成 90 度。 | 不要让另一个人进入画面。,assets/test_images/targeted_samples/stretch_arm/stretch_right_up_010_20260708_154242.jpg,kept,警告，考生伸展胳膊,True,623.10
2026-07-08T15:43:27,tune,伸胳膊,stretch_arm,stretch_both_mixed,双手伸展混合,2,stretch_both_mixed_002_20260708_154327.jpg,assets/test_images/targeted_samples_clean/stretch_arm/stretch_both_mixed_002_20260708_154327.jpg,0,补双手伸展边界样本，避免被误判成转身或正常。,坐姿稳定，双肩尽量都能看到。 | 双手同时伸直，可以向上、斜上、水平各拍几张。 | 保持脸在画面里，不要完全低头或转头。 | 拍摄时左右手高度可以略有不同，更贴近真实动作。,双臂至少大部分在画面内。 | 手臂明显伸直，动作幅度要大。 | 身体不要离开座位。,不要只露出手掌看不到肘部。 | 不要动作太小像正常伸懒腰未完成。 | 不要让画面中出现第二个人。,assets/test_images/targeted_samples/stretch_arm/stretch_both_mixed_002_20260708_154327.jpg,kept,警告，考生伸展胳膊,True,618.26
2026-07-08T15:43:31,tune,伸胳膊,stretch_arm,stretch_both_mixed,双手伸展混合,3,stretch_both_mixed_003_20260708_154331.jpg,assets/test_images/targeted_samples_clean/stretch_arm/stretch_both_mixed_003_20260708_154331.jpg,0,补双手伸展边界样本，避免被误判成转身或正常。,坐姿稳定，双肩尽量都能看到。 | 双手同时伸直，可以向上、斜上、水平各拍几张。 | 保持脸在画面里，不要完全低头或转头。 | 拍摄时左右手高度可以略有不同，更贴近真实动作。,双臂至少大部分在画面内。 | 手臂明显伸直，动作幅度要大。 | 身体不要离开座位。,不要只露出手掌看不到肘部。 | 不要动作太小像正常伸懒腰未完成。 | 不要让画面中出现第二个人。,assets/test_images/targeted_samples/stretch_arm/stretch_both_mixed_003_20260708_154331.jpg,kept,警告，考生伸展胳膊,True,660.30
2026-07-08T15:43:34,tune,伸胳膊,stretch_arm,stretch_both_mixed,双手伸展混合,4,stretch_both_mixed_004_20260708_154334.jpg,assets/test_images/targeted_samples_clean/stretch_arm/stretch_both_mixed_004_20260708_154334.jpg,0,补双手伸展边界样本，避免被误判成转身或正常。,坐姿稳定，双肩尽量都能看到。 | 双手同时伸直，可以向上、斜上、水平各拍几张。 | 保持脸在画面里，不要完全低头或转头。 | 拍摄时左右手高度可以略有不同，更贴近真实动作。,双臂至少大部分在画面内。 | 手臂明显伸直，动作幅度要大。 | 身体不要离开座位。,不要只露出手掌看不到肘部。 | 不要动作太小像正常伸懒腰未完成。 | 不要让画面中出现第二个人。,assets/test_images/targeted_samples/stretch_arm/stretch_both_mixed_004_20260708_154334.jpg,kept,警告，考生伸展胳膊,True,656.61
2026-07-08T15:43:38,tune,伸胳膊,stretch_arm,stretch_both_mixed,双手伸展混合,5,stretch_both_mixed_005_20260708_154338.jpg,assets/test_images/targeted_samples_clean/stretch_arm/stretch_both_mixed_005_20260708_154338.jpg,0,补双手伸展边界样本，避免被误判成转身或正常。,坐姿稳定，双肩尽量都能看到。 | 双手同时伸直，可以向上、斜上、水平各拍几张。 | 保持脸在画面里，不要完全低头或转头。 | 拍摄时左右手高度可以略有不同，更贴近真实动作。,双臂至少大部分在画面内。 | 手臂明显伸直，动作幅度要大。 | 身体不要离开座位。,不要只露出手掌看不到肘部。 | 不要动作太小像正常伸懒腰未完成。 | 不要让画面中出现第二个人。,assets/test_images/targeted_samples/stretch_arm/stretch_both_mixed_005_20260708_154338.jpg,kept,警告，考生伸展胳膊,True,746.70
2026-07-08T15:43:41,tune,伸胳膊,stretch_arm,stretch_both_mixed,双手伸展混合,6,stretch_both_mixed_006_20260708_154341.jpg,assets/test_images/targeted_samples_clean/stretch_arm/stretch_both_mixed_006_20260708_154341.jpg,0,补双手伸展边界样本，避免被误判成转身或正常。,坐姿稳定，双肩尽量都能看到。 | 双手同时伸直，可以向上、斜上、水平各拍几张。 | 保持脸在画面里，不要完全低头或转头。 | 拍摄时左右手高度可以略有不同，更贴近真实动作。,双臂至少大部分在画面内。 | 手臂明显伸直，动作幅度要大。 | 身体不要离开座位。,不要只露出手掌看不到肘部。 | 不要动作太小像正常伸懒腰未完成。 | 不要让画面中出现第二个人。,assets/test_images/targeted_samples/stretch_arm/stretch_both_mixed_006_20260708_154341.jpg,kept,警告，考生伸展胳膊,True,618.83
2026-07-08T15:43:46,tune,伸胳膊,stretch_arm,stretch_both_mixed,双手伸展混合,7,stretch_both_mixed_007_20260708_154346.jpg,assets/test_images/targeted_samples_clean/stretch_arm/stretch_both_mixed_007_20260708_154346.jpg,0,补双手伸展边界样本，避免被误判成转身或正常。,坐姿稳定，双肩尽量都能看到。 | 双手同时伸直，可以向上、斜上、水平各拍几张。 | 保持脸在画面里，不要完全低头或转头。 | 拍摄时左右手高度可以略有不同，更贴近真实动作。,双臂至少大部分在画面内。 | 手臂明显伸直，动作幅度要大。 | 身体不要离开座位。,不要只露出手掌看不到肘部。 | 不要动作太小像正常伸懒腰未完成。 | 不要让画面中出现第二个人。,assets/test_images/targeted_samples/stretch_arm/stretch_both_mixed_007_20260708_154346.jpg,kept,警告，考生伸展胳膊,True,601.74
2026-07-08T15:43:50,eval,伸胳膊,stretch_arm,stretch_both_mixed,双手伸展混合,8,stretch_both_mixed_008_20260708_154350.jpg,assets/test_images/targeted_samples_clean/stretch_arm/stretch_both_mixed_008_20260708_154350.jpg,0,补双手伸展边界样本，避免被误判成转身或正常。,坐姿稳定，双肩尽量都能看到。 | 双手同时伸直，可以向上、斜上、水平各拍几张。 | 保持脸在画面里，不要完全低头或转头。 | 拍摄时左右手高度可以略有不同，更贴近真实动作。,双臂至少大部分在画面内。 | 手臂明显伸直，动作幅度要大。 | 身体不要离开座位。,不要只露出手掌看不到肘部。 | 不要动作太小像正常伸懒腰未完成。 | 不要让画面中出现第二个人。,assets/test_images/targeted_samples/stretch_arm/stretch_both_mixed_008_20260708_154350.jpg,kept,警告，考生伸展胳膊,True,607.07
2026-07-08T15:43:59,eval,伸胳膊,stretch_arm,stretch_both_mixed,双手伸展混合,9,stretch_both_mixed_009_20260708_154359.jpg,assets/test_images/targeted_samples_clean/stretch_arm/stretch_both_mixed_009_20260708_154359.jpg,0,补双手伸展边界样本，避免被误判成转身或正常。,坐姿稳定，双肩尽量都能看到。 | 双手同时伸直，可以向上、斜上、水平各拍几张。 | 保持脸在画面里，不要完全低头或转头。 | 拍摄时左右手高度可以略有不同，更贴近真实动作。,双臂至少大部分在画面内。 | 手臂明显伸直，动作幅度要大。 | 身体不要离开座位。,不要只露出手掌看不到肘部。 | 不要动作太小像正常伸懒腰未完成。 | 不要让画面中出现第二个人。,assets/test_images/targeted_samples/stretch_arm/stretch_both_mixed_009_20260708_154359.jpg,kept,警告，考生伸展胳膊,True,640.84
2026-07-08T15:44:02,eval,伸胳膊,stretch_arm,stretch_both_mixed,双手伸展混合,10,stretch_both_mixed_010_20260708_154402.jpg,assets/test_images/targeted_samples_clean/stretch_arm/stretch_both_mixed_010_20260708_154402.jpg,0,补双手伸展边界样本，避免被误判成转身或正常。,坐姿稳定，双肩尽量都能看到。 | 双手同时伸直，可以向上、斜上、水平各拍几张。 | 保持脸在画面里，不要完全低头或转头。 | 拍摄时左右手高度可以略有不同，更贴近真实动作。,双臂至少大部分在画面内。 | 手臂明显伸直，动作幅度要大。 | 身体不要离开座位。,不要只露出手掌看不到肘部。 | 不要动作太小像正常伸懒腰未完成。 | 不要让画面中出现第二个人。,assets/test_images/targeted_samples/stretch_arm/stretch_both_mixed_010_20260708_154402.jpg,kept,警告，考生伸展胳膊,True,668.61
2026-07-08T15:45:02,tune,正常考试,normal,normal_front_guard,正常正脸保护样本,1,normal_front_guard_001_20260708_154502.jpg,assets/test_images/targeted_samples_clean/normal/normal_front_guard_001_20260708_154502.jpg,0,作为误报保护，确保优化伸胳膊/多人后正常考试不被误伤。,正对摄像头坐好，像真实考试一样看屏幕。 | 双手自然放在桌面、键盘或鼠标附近。 | 可以轻微低头看题，但不要转头离开屏幕。 | 拍几张不同距离：稍近、正常、稍远。,只有一个人在画面内。 | 不要做明显异常动作。 | 光线和真实考试尽量一致。,不要把手举起来。 | 不要让别人入镜。 | 不要拿手机。,assets/test_images/targeted_samples/normal/normal_front_guard_001_20260708_154502.jpg,kept,正常考试中 ...,True,688.87
2026-07-08T15:45:05,tune,正常考试,normal,normal_front_guard,正常正脸保护样本,2,normal_front_guard_002_20260708_154505.jpg,assets/test_images/targeted_samples_clean/normal/normal_front_guard_002_20260708_154505.jpg,0,作为误报保护，确保优化伸胳膊/多人后正常考试不被误伤。,正对摄像头坐好，像真实考试一样看屏幕。 | 双手自然放在桌面、键盘或鼠标附近。 | 可以轻微低头看题，但不要转头离开屏幕。 | 拍几张不同距离：稍近、正常、稍远。,只有一个人在画面内。 | 不要做明显异常动作。 | 光线和真实考试尽量一致。,不要把手举起来。 | 不要让别人入镜。 | 不要拿手机。,assets/test_images/targeted_samples/normal/normal_front_guard_002_20260708_154505.jpg,kept,正常考试中 ...,True,608.62
2026-07-08T15:45:11,tune,正常考试,normal,normal_front_guard,正常正脸保护样本,3,normal_front_guard_003_20260708_154511.jpg,assets/test_images/targeted_samples_clean/normal/normal_front_guard_003_20260708_154511.jpg,0,作为误报保护，确保优化伸胳膊/多人后正常考试不被误伤。,正对摄像头坐好，像真实考试一样看屏幕。 | 双手自然放在桌面、键盘或鼠标附近。 | 可以轻微低头看题，但不要转头离开屏幕。 | 拍几张不同距离：稍近、正常、稍远。,只有一个人在画面内。 | 不要做明显异常动作。 | 光线和真实考试尽量一致。,不要把手举起来。 | 不要让别人入镜。 | 不要拿手机。,assets/test_images/targeted_samples/normal/normal_front_guard_003_20260708_154511.jpg,kept,正常考试中 ...,True,638.03
2026-07-08T15:45:15,tune,正常考试,normal,normal_front_guard,正常正脸保护样本,4,normal_front_guard_004_20260708_154515.jpg,assets/test_images/targeted_samples_clean/normal/normal_front_guard_004_20260708_154515.jpg,0,作为误报保护，确保优化伸胳膊/多人后正常考试不被误伤。,正对摄像头坐好，像真实考试一样看屏幕。 | 双手自然放在桌面、键盘或鼠标附近。 | 可以轻微低头看题，但不要转头离开屏幕。 | 拍几张不同距离：稍近、正常、稍远。,只有一个人在画面内。 | 不要做明显异常动作。 | 光线和真实考试尽量一致。,不要把手举起来。 | 不要让别人入镜。 | 不要拿手机。,assets/test_images/targeted_samples/normal/normal_front_guard_004_20260708_154515.jpg,kept,正常考试中 ...,True,618.61
2026-07-08T15:45:18,tune,正常考试,normal,normal_front_guard,正常正脸保护样本,5,normal_front_guard_005_20260708_154518.jpg,assets/test_images/targeted_samples_clean/normal/normal_front_guard_005_20260708_154518.jpg,0,作为误报保护，确保优化伸胳膊/多人后正常考试不被误伤。,正对摄像头坐好，像真实考试一样看屏幕。 | 双手自然放在桌面、键盘或鼠标附近。 | 可以轻微低头看题，但不要转头离开屏幕。 | 拍几张不同距离：稍近、正常、稍远。,只有一个人在画面内。 | 不要做明显异常动作。 | 光线和真实考试尽量一致。,不要把手举起来。 | 不要让别人入镜。 | 不要拿手机。,assets/test_images/targeted_samples/normal/normal_front_guard_005_20260708_154518.jpg,kept,正常考试中 ...,True,637.77
2026-07-08T15:45:21,tune,正常考试,normal,normal_front_guard,正常正脸保护样本,6,normal_front_guard_006_20260708_154521.jpg,assets/test_images/targeted_samples_clean/normal/normal_front_guard_006_20260708_154521.jpg,0,作为误报保护，确保优化伸胳膊/多人后正常考试不被误伤。,正对摄像头坐好，像真实考试一样看屏幕。 | 双手自然放在桌面、键盘或鼠标附近。 | 可以轻微低头看题，但不要转头离开屏幕。 | 拍几张不同距离：稍近、正常、稍远。,只有一个人在画面内。 | 不要做明显异常动作。 | 光线和真实考试尽量一致。,不要把手举起来。 | 不要让别人入镜。 | 不要拿手机。,assets/test_images/targeted_samples/normal/normal_front_guard_006_20260708_154521.jpg,kept,正常考试中 ...,True,612.59
2026-07-08T15:45:25,eval,正常考试,normal,normal_front_guard,正常正脸保护样本,7,normal_front_guard_007_20260708_154525.jpg,assets/test_images/targeted_samples_clean/normal/normal_front_guard_007_20260708_154525.jpg,0,作为误报保护，确保优化伸胳膊/多人后正常考试不被误伤。,正对摄像头坐好，像真实考试一样看屏幕。 | 双手自然放在桌面、键盘或鼠标附近。 | 可以轻微低头看题，但不要转头离开屏幕。 | 拍几张不同距离：稍近、正常、稍远。,只有一个人在画面内。 | 不要做明显异常动作。 | 光线和真实考试尽量一致。,不要把手举起来。 | 不要让别人入镜。 | 不要拿手机。,assets/test_images/targeted_samples/normal/normal_front_guard_007_20260708_154525.jpg,kept,正常考试中 ...,True,623.52
2026-07-08T15:45:29,eval,正常考试,normal,normal_front_guard,正常正脸保护样本,8,normal_front_guard_008_20260708_154529.jpg,assets/test_images/targeted_samples_clean/normal/normal_front_guard_008_20260708_154529.jpg,0,作为误报保护，确保优化伸胳膊/多人后正常考试不被误伤。,正对摄像头坐好，像真实考试一样看屏幕。 | 双手自然放在桌面、键盘或鼠标附近。 | 可以轻微低头看题，但不要转头离开屏幕。 | 拍几张不同距离：稍近、正常、稍远。,只有一个人在画面内。 | 不要做明显异常动作。 | 光线和真实考试尽量一致。,不要把手举起来。 | 不要让别人入镜。 | 不要拿手机。,assets/test_images/targeted_samples/normal/normal_front_guard_008_20260708_154529.jpg,kept,正常考试中 ...,True,619.68
2026-07-08T15:46:00,tune,正常考试,normal,normal_side_guard,正常轻微侧身保护样本,1,normal_side_guard_001_20260708_154600.jpg,assets/test_images/targeted_samples_clean/normal/normal_side_guard_001_20260708_154600.jpg,0,保护正常轻微侧身，避免被新增水平伸展规则误报。,身体轻微向左或向右侧一点，但仍像在考试。 | 手可以放桌面，不要伸出画面两侧。 | 脸部尽量还在画面中，可以稍微看屏幕边缘。 | 左右侧各拍几张。,动作看起来仍是正常考试。 | 单人入镜。 | 手臂不要大幅展开。,不要转身 90 度。 | 不要把手放耳边。 | 不要伸胳膊。,assets/test_images/targeted_samples/normal/normal_side_guard_001_20260708_154600.jpg,kept,正常考试中 ...,True,715.06
2026-07-08T15:46:14,tune,正常考试,normal,normal_side_guard,正常轻微侧身保护样本,5,normal_side_guard_005_20260708_154614.jpg,assets/test_images/targeted_samples_clean/normal/normal_side_guard_005_20260708_154614.jpg,0,保护正常轻微侧身，避免被新增水平伸展规则误报。,身体轻微向左或向右侧一点，但仍像在考试。 | 手可以放桌面，不要伸出画面两侧。 | 脸部尽量还在画面中，可以稍微看屏幕边缘。 | 左右侧各拍几张。,动作看起来仍是正常考试。 | 单人入镜。 | 手臂不要大幅展开。,不要转身 90 度。 | 不要把手放耳边。 | 不要伸胳膊。,assets/test_images/targeted_samples/normal/normal_side_guard_005_20260708_154614.jpg,kept,正常考试中 ...,True,704.27
2026-07-08T15:46:17,eval,正常考试,normal,normal_side_guard,正常轻微侧身保护样本,6,normal_side_guard_006_20260708_154617.jpg,assets/test_images/targeted_samples_clean/normal/normal_side_guard_006_20260708_154617.jpg,0,保护正常轻微侧身，避免被新增水平伸展规则误报。,身体轻微向左或向右侧一点，但仍像在考试。 | 手可以放桌面，不要伸出画面两侧。 | 脸部尽量还在画面中，可以稍微看屏幕边缘。 | 左右侧各拍几张。,动作看起来仍是正常考试。 | 单人入镜。 | 手臂不要大幅展开。,不要转身 90 度。 | 不要把手放耳边。 | 不要伸胳膊。,assets/test_images/targeted_samples/normal/normal_side_guard_006_20260708_154617.jpg,kept,正常考试中 ...,True,699.10
2026-07-08T15:46:20,eval,正常考试,normal,normal_side_guard,正常轻微侧身保护样本,7,normal_side_guard_007_20260708_154620.jpg,assets/test_images/targeted_samples_clean/normal/normal_side_guard_007_20260708_154620.jpg,0,保护正常轻微侧身，避免被新增水平伸展规则误报。,身体轻微向左或向右侧一点，但仍像在考试。 | 手可以放桌面，不要伸出画面两侧。 | 脸部尽量还在画面中，可以稍微看屏幕边缘。 | 左右侧各拍几张。,动作看起来仍是正常考试。 | 单人入镜。 | 手臂不要大幅展开。,不要转身 90 度。 | 不要把手放耳边。 | 不要伸胳膊。,assets/test_images/targeted_samples/normal/normal_side_guard_007_20260708_154620.jpg,kept,正常考试中 ...,True,602.48
2026-07-08T15:46:38,tune,打电话,phone_call,phone_left_guard,左手打电话保护样本,1,phone_left_guard_001_20260708_154638.jpg,assets/test_images/targeted_samples_clean/phone_call/phone_left_guard_001_20260708_154638.jpg,0,保护打电话类别，防止伸胳膊规则抢走打电话样本。,左手拿手机或空手模拟手机，贴近左耳。 | 肘部自然弯曲，动作像通话，不是向外伸展。 | 脸可以略微侧向左边。 | 右手自然放下。,左手腕或手机靠近耳朵。 | 手臂明显弯曲。 | 画面中只有一个人。,不要把左手完全水平伸出去。 | 不要双手同时举起。 | 不要遮住整张脸。,assets/test_images/targeted_samples/phone_call/phone_left_guard_001_20260708_154638.jpg,kept,警告，考生疑似打电话,True,510.18
2026-07-08T15:46:41,tune,打电话,phone_call,phone_left_guard,左手打电话保护样本,2,phone_left_guard_002_20260708_154641.jpg,assets/test_images/targeted_samples_clean/phone_call/phone_left_guard_002_20260708_154641.jpg,0,保护打电话类别，防止伸胳膊规则抢走打电话样本。,左手拿手机或空手模拟手机，贴近左耳。 | 肘部自然弯曲，动作像通话，不是向外伸展。 | 脸可以略微侧向左边。 | 右手自然放下。,左手腕或手机靠近耳朵。 | 手臂明显弯曲。 | 画面中只有一个人。,不要把左手完全水平伸出去。 | 不要双手同时举起。 | 不要遮住整张脸。,assets/test_images/targeted_samples/phone_call/phone_left_guard_002_20260708_154641.jpg,kept,警告，考生疑似打电话,True,532.43
2026-07-08T15:46:44,tune,打电话,phone_call,phone_left_guard,左手打电话保护样本,3,phone_left_guard_003_20260708_154644.jpg,assets/test_images/targeted_samples_clean/phone_call/phone_left_guard_003_20260708_154644.jpg,0,保护打电话类别，防止伸胳膊规则抢走打电话样本。,左手拿手机或空手模拟手机，贴近左耳。 | 肘部自然弯曲，动作像通话，不是向外伸展。 | 脸可以略微侧向左边。 | 右手自然放下。,左手腕或手机靠近耳朵。 | 手臂明显弯曲。 | 画面中只有一个人。,不要把左手完全水平伸出去。 | 不要双手同时举起。 | 不要遮住整张脸。,assets/test_images/targeted_samples/phone_call/phone_left_guard_003_20260708_154644.jpg,kept,警告，考生疑似打电话,True,557.08
2026-07-08T15:46:51,tune,打电话,phone_call,phone_left_guard,左手打电话保护样本,4,phone_left_guard_004_20260708_154651.jpg,assets/test_images/targeted_samples_clean/phone_call/phone_left_guard_004_20260708_154651.jpg,0,保护打电话类别，防止伸胳膊规则抢走打电话样本。,左手拿手机或空手模拟手机，贴近左耳。 | 肘部自然弯曲，动作像通话，不是向外伸展。 | 脸可以略微侧向左边。 | 右手自然放下。,左手腕或手机靠近耳朵。 | 手臂明显弯曲。 | 画面中只有一个人。,不要把左手完全水平伸出去。 | 不要双手同时举起。 | 不要遮住整张脸。,assets/test_images/targeted_samples/phone_call/phone_left_guard_004_20260708_154651.jpg,kept,警告，考生疑似打电话,True,615.03
2026-07-08T15:46:55,tune,打电话,phone_call,phone_left_guard,左手打电话保护样本,5,phone_left_guard_005_20260708_154655.jpg,assets/test_images/targeted_samples_clean/phone_call/phone_left_guard_005_20260708_154655.jpg,0,保护打电话类别，防止伸胳膊规则抢走打电话样本。,左手拿手机或空手模拟手机，贴近左耳。 | 肘部自然弯曲，动作像通话，不是向外伸展。 | 脸可以略微侧向左边。 | 右手自然放下。,左手腕或手机靠近耳朵。 | 手臂明显弯曲。 | 画面中只有一个人。,不要把左手完全水平伸出去。 | 不要双手同时举起。 | 不要遮住整张脸。,assets/test_images/targeted_samples/phone_call/phone_left_guard_005_20260708_154655.jpg,kept,警告，考生疑似打电话,True,736.77
2026-07-08T15:46:57,tune,打电话,phone_call,phone_left_guard,左手打电话保护样本,6,phone_left_guard_006_20260708_154657.jpg,assets/test_images/targeted_samples_clean/phone_call/phone_left_guard_006_20260708_154657.jpg,0,保护打电话类别，防止伸胳膊规则抢走打电话样本。,左手拿手机或空手模拟手机，贴近左耳。 | 肘部自然弯曲，动作像通话，不是向外伸展。 | 脸可以略微侧向左边。 | 右手自然放下。,左手腕或手机靠近耳朵。 | 手臂明显弯曲。 | 画面中只有一个人。,不要把左手完全水平伸出去。 | 不要双手同时举起。 | 不要遮住整张脸。,assets/test_images/targeted_samples/phone_call/phone_left_guard_006_20260708_154657.jpg,kept,警告，考生疑似打电话,True,647.18
2026-07-08T15:47:00,eval,打电话,phone_call,phone_left_guard,左手打电话保护样本,7,phone_left_guard_007_20260708_154700.jpg,assets/test_images/targeted_samples_clean/phone_call/phone_left_guard_007_20260708_154700.jpg,0,保护打电话类别，防止伸胳膊规则抢走打电话样本。,左手拿手机或空手模拟手机，贴近左耳。 | 肘部自然弯曲，动作像通话，不是向外伸展。 | 脸可以略微侧向左边。 | 右手自然放下。,左手腕或手机靠近耳朵。 | 手臂明显弯曲。 | 画面中只有一个人。,不要把左手完全水平伸出去。 | 不要双手同时举起。 | 不要遮住整张脸。,assets/test_images/targeted_samples/phone_call/phone_left_guard_007_20260708_154700.jpg,kept,警告，考生疑似打电话,True,705.60
2026-07-08T15:47:05,eval,打电话,phone_call,phone_left_guard,左手打电话保护样本,8,phone_left_guard_008_20260708_154705.jpg,assets/test_images/targeted_samples_clean/phone_call/phone_left_guard_008_20260708_154705.jpg,0,保护打电话类别，防止伸胳膊规则抢走打电话样本。,左手拿手机或空手模拟手机，贴近左耳。 | 肘部自然弯曲，动作像通话，不是向外伸展。 | 脸可以略微侧向左边。 | 右手自然放下。,左手腕或手机靠近耳朵。 | 手臂明显弯曲。 | 画面中只有一个人。,不要把左手完全水平伸出去。 | 不要双手同时举起。 | 不要遮住整张脸。,assets/test_images/targeted_samples/phone_call/phone_left_guard_008_20260708_154705.jpg,kept,警告，考生疑似打电话,True,611.44
2026-07-08T15:47:11,tune,打电话,phone_call,phone_right_guard,右手打电话保护样本,1,phone_right_guard_001_20260708_154711.jpg,assets/test_images/targeted_samples_clean/phone_call/phone_right_guard_001_20260708_154711.jpg,0,保护右手打电话，和右手水平伸展形成对照。,右手靠近右耳，像在打电话。 | 右肘弯曲，不要伸直。 | 身体可以轻微右侧，但不要转身离开摄像头。 | 左手自然放在桌面。,右手腕离右耳近。 | 动作一眼看起来像通话。 | 不要出现第二个人。,不要把右手向外伸直。 | 不要低头到脸完全看不见。 | 不要同时做伸懒腰动作。,assets/test_images/targeted_samples/phone_call/phone_right_guard_001_20260708_154711.jpg,kept,警告，考生疑似打电话,True,616.02
2026-07-08T15:47:14,tune,打电话,phone_call,phone_right_guard,右手打电话保护样本,2,phone_right_guard_002_20260708_154714.jpg,assets/test_images/targeted_samples_clean/phone_call/phone_right_guard_002_20260708_154714.jpg,0,保护右手打电话，和右手水平伸展形成对照。,右手靠近右耳，像在打电话。 | 右肘弯曲，不要伸直。 | 身体可以轻微右侧，但不要转身离开摄像头。 | 左手自然放在桌面。,右手腕离右耳近。 | 动作一眼看起来像通话。 | 不要出现第二个人。,不要把右手向外伸直。 | 不要低头到脸完全看不见。 | 不要同时做伸懒腰动作。,assets/test_images/targeted_samples/phone_call/phone_right_guard_002_20260708_154714.jpg,kept,警告，考生疑似打电话,True,627.93
2026-07-08T15:47:17,tune,打电话,phone_call,phone_right_guard,右手打电话保护样本,3,phone_right_guard_003_20260708_154717.jpg,assets/test_images/targeted_samples_clean/phone_call/phone_right_guard_003_20260708_154717.jpg,0,保护右手打电话，和右手水平伸展形成对照。,右手靠近右耳，像在打电话。 | 右肘弯曲，不要伸直。 | 身体可以轻微右侧，但不要转身离开摄像头。 | 左手自然放在桌面。,右手腕离右耳近。 | 动作一眼看起来像通话。 | 不要出现第二个人。,不要把右手向外伸直。 | 不要低头到脸完全看不见。 | 不要同时做伸懒腰动作。,assets/test_images/targeted_samples/phone_call/phone_right_guard_003_20260708_154717.jpg,kept,警告，考生疑似打电话,True,631.49
2026-07-08T15:47:20,tune,打电话,phone_call,phone_right_guard,右手打电话保护样本,4,phone_right_guard_004_20260708_154720.jpg,assets/test_images/targeted_samples_clean/phone_call/phone_right_guard_004_20260708_154720.jpg,0,保护右手打电话，和右手水平伸展形成对照。,右手靠近右耳，像在打电话。 | 右肘弯曲，不要伸直。 | 身体可以轻微右侧，但不要转身离开摄像头。 | 左手自然放在桌面。,右手腕离右耳近。 | 动作一眼看起来像通话。 | 不要出现第二个人。,不要把右手向外伸直。 | 不要低头到脸完全看不见。 | 不要同时做伸懒腰动作。,assets/test_images/targeted_samples/phone_call/phone_right_guard_004_20260708_154720.jpg,kept,警告，考生疑似打电话,True,581.58
2026-07-08T15:47:24,tune,打电话,phone_call,phone_right_guard,右手打电话保护样本,5,phone_right_guard_005_20260708_154724.jpg,assets/test_images/targeted_samples_clean/phone_call/phone_right_guard_005_20260708_154724.jpg,0,保护右手打电话，和右手水平伸展形成对照。,右手靠近右耳，像在打电话。 | 右肘弯曲，不要伸直。 | 身体可以轻微右侧，但不要转身离开摄像头。 | 左手自然放在桌面。,右手腕离右耳近。 | 动作一眼看起来像通话。 | 不要出现第二个人。,不要把右手向外伸直。 | 不要低头到脸完全看不见。 | 不要同时做伸懒腰动作。,assets/test_images/targeted_samples/phone_call/phone_right_guard_005_20260708_154724.jpg,kept,警告，考生疑似打电话,True,614.75
2026-07-08T15:47:27,eval,打电话,phone_call,phone_right_guard,右手打电话保护样本,6,phone_right_guard_006_20260708_154727.jpg,assets/test_images/targeted_samples_clean/phone_call/phone_right_guard_006_20260708_154727.jpg,0,保护右手打电话，和右手水平伸展形成对照。,右手靠近右耳，像在打电话。 | 右肘弯曲，不要伸直。 | 身体可以轻微右侧，但不要转身离开摄像头。 | 左手自然放在桌面。,右手腕离右耳近。 | 动作一眼看起来像通话。 | 不要出现第二个人。,不要把右手向外伸直。 | 不要低头到脸完全看不见。 | 不要同时做伸懒腰动作。,assets/test_images/targeted_samples/phone_call/phone_right_guard_006_20260708_154727.jpg,kept,警告，考生疑似打电话,True,568.97
2026-07-08T15:47:30,eval,打电话,phone_call,phone_right_guard,右手打电话保护样本,7,phone_right_guard_007_20260708_154730.jpg,assets/test_images/targeted_samples_clean/phone_call/phone_right_guard_007_20260708_154730.jpg,0,保护右手打电话，和右手水平伸展形成对照。,右手靠近右耳，像在打电话。 | 右肘弯曲，不要伸直。 | 身体可以轻微右侧，但不要转身离开摄像头。 | 左手自然放在桌面。,右手腕离右耳近。 | 动作一眼看起来像通话。 | 不要出现第二个人。,不要把右手向外伸直。 | 不要低头到脸完全看不见。 | 不要同时做伸懒腰动作。,assets/test_images/targeted_samples/phone_call/phone_right_guard_007_20260708_154730.jpg,kept,警告，考生疑似打电话,True,652.87
